Elapsed Time,Total execs,Unique samples,Crashes,Hangs,Offsets,Execs/s,Fuzzing sample,Instr CoreSVG,Instr ImageIO,Instr XCTTargetBootstrap
00h 00m 03s,,,,,,,00002,245760,3678208,24576
00h 00m 03s,2054,7,1,0,11316,2054,00000,245760,3678208,24576
00h 00m 03s,10892,10,1,0,11321,8838,00010,245760,3678208,24576
00h 00m 07s,19745,19,1,0,11332,8853,,245760,3678208,24576
00h 00m 07s,29393,22,1,0,11335,9648,,245760,3678208,24576
00h 00m 07s,40922,30,1,0,11460,11529,,245760,3678208,24576
00h 00m 28s,50959,34,1,0,11477,10037,00035,245760,3678208,24576
00h 00m 28s,57236,36,1,0,11798,6277,00031,245760,3678208,24576
00h 00m 28s,66209,36,1,0,11823,8973,00038,245760,3678208,24576
00h 00m 28s,74302,39,1,0,11837,8093,00037,245760,3678208,24576
00h 00m 28s,80648,41,1,0,12441,6346,,245760,3678208,24576
00h 00m 28s,85451,42,1,0,12515,4803,,245760,3678208,24576
00h 00m 28s,90426,43,1,0,12556,4975,,245760,3678208,24576
00h 00m 28s,94439,45,1,0,12635,4013,,245760,3678208,24576
00h 00m 28s,98393,46,1,0,12646,3954,,245760,3678208,24576
00h 00m 28s,104041,47,1,0,12646,5648,,245760,3678208,24576
00h 00m 28s,107566,48,1,0,12785,3525,,245760,3678208,24576
00h 00m 28s,111136,49,1,0,12790,3570,,245760,3678208,24576
00h 00m 28s,112293,50,1,0,12791,1157,,245760,3678208,24576
00h 00m 28s,115993,51,1,0,12792,3700,,,,
00h 00m 28s,118780,52,1,0,12798,2787,,,,
00h 00m 28s,122921,52,1,0,12798,4141,,,,
00h 00m 28s,127555,52,1,0,12798,4634,00052,,,
00h 00m 28s,130465,53,1,0,12798,2910,,245760,3678208,24576
00h 00m 28s,134796,55,1,0,12800,4331,00055,245760,3678208,24576
00h 00m 28s,138905,56,1,0,12815,4109,,,,
00h 00m 28s,140983,56,1,0,12817,2078,,,,
00h 00m 49s,143462,58,1,0,12817,2479,,245760,3678208,24576
00h 00m 49s,145227,59,1,0,12896,1765,,,,
00h 00m 49s,148386,59,1,0,12896,3159,,245760,3678208,24576
00h 00m 49s,151059,59,1,0,12896,2673,,245760,3678208,24576
00h 00m 49s,154564,61,1,0,12902,3505,,245760,3678208,24576
00h 00m 49s,156914,62,1,0,12912,2350,,245760,3678208,24576
00h 00m 49s,160803,63,1,0,12914,3889,00063,245760,3678208,24576
00h 00m 49s,165130,64,1,0,12914,4327,,245760,3678208,24576
00h 00m 49s,169388,65,1,0,12918,4258,,245760,3678208,24576
00h 00m 49s,172893,67,1,0,12943,3505,,245760,3678208,24576
00h 00m 49s,176269,68,1,0,12944,3376,,245760,3678208,24576
00h 00m 49s,179487,71,1,0,12949,3218,,245760,3678208,24576
00h 00m 49s,182590,74,1,0,13056,3103,00075,245760,3678208,24576
00h 00m 49s,185669,77,1,0,13060,3079,00080,245760,3678208,24576
00h 00m 49s,188828,81,1,0,13075,3159,00081,245760,3678208,24576
00h 00m 49s,191953,82,1,0,13076,3125,00083,245760,3678208,24576
00h 00m 49s,195161,84,1,0,13111,3208,00086,245760,3678208,24576
00h 00m 49s,197692,87,1,0,13134,2531,00085,245760,3678208,24576
00h 00m 49s,199755,91,1,0,13144,2063,,245760,3678208,24576
00h 00m 49s,201283,92,1,0,13146,1528,00091,245760,3678208,24576
00h 00m 49s,202993,92,1,0,13149,1710,,245760,3678208,24576
00h 01m 38s,204518,92,1,0,13149,1525,,245760,3678208,24576
00h 01m 38s,206148,95,1,0,13151,1630,,245760,3678208,24576
00h 01m 38s,206968,95,1,0,13165,820,,245760,3678208,24576
00h 01m 38s,207905,96,1,0,13174,937,,245760,3678208,24576
00h 01m 38s,208820,99,1,0,13180,915,,245760,3678208,24576
00h 01m 38s,209849,100,1,0,13183,1029,,245760,3678208,24576
00h 01m 38s,210888,102,1,0,13190,1039,00101,245760,3678208,24576
00h 01m 38s,212371,103,1,0,13193,1483,,245760,3678208,24576
00h 01m 38s,213475,105,1,0,13211,1104,,245760,3678208,24576
00h 01m 38s,214622,105,1,0,13218,1147,00105,245760,3678208,24576
00h 01m 38s,215658,108,1,0,13219,1036,,,,
00h 01m 38s,216937,108,1,0,13219,1279,,245760,3678208,24576
00h 01m 38s,217992,108,1,0,13219,1055,,245760,3678208,24576
00h 01m 38s,219036,110,1,0,13249,1044,,245760,3678208,24576
00h 01m 38s,219995,110,1,0,13249,959,,245760,3678208,24576
00h 01m 38s,220870,111,1,0,13249,875,,245760,3678208,24576
00h 01m 38s,221520,111,1,0,13249,650,,245760,3678208,24576
00h 01m 38s,223255,111,1,0,13254,1735,,,,
00h 01m 38s,224976,111,1,0,13254,1721,,,,
00h 01m 38s,226765,111,1,0,13254,1789,,,,
00h 01m 38s,228574,111,1,0,13254,1809,,245760,3678208,24576
00h 01m 38s,230449,111,1,0,13254,1875,,,,
00h 01m 38s,232318,111,1,0,13254,1869,00110,245760,3678208,24576
00h 01m 38s,234189,111,1,0,13254,1871,,,,
00h 01m 38s,236042,111,1,0,13254,1853,,245760,3678208,24576
00h 01m 38s,237839,111,1,0,13254,1797,,,,
00h 01m 38s,239817,111,1,0,13257,1978,,,,
00h 01m 38s,242884,111,1,0,13257,3067,,,,
00h 01m 38s,245396,111,1,0,13257,2512,,,,
00h 01m 38s,248788,111,1,0,13257,3392,,,,
00h 01m 38s,250814,111,1,0,13257,2026,,,,
00h 01m 38s,253121,111,1,0,13257,2307,,,,
00h 01m 38s,256205,111,1,0,13257,3084,,,,
00h 01m 38s,258442,111,1,0,13257,2237,,245760,3678208,24576
00h 01m 38s,262087,111,1,0,13257,3645,,245760,3678208,24576
00h 01m 38s,266086,111,1,0,13257,3999,,245760,3678208,24576
00h 01m 38s,269382,111,1,0,13257,3296,,,,
00h 01m 38s,269382,111,1,0,13257,0,,,,
00h 01m 38s,269382,111,1,0,13257,0,,,,
00h 01m 38s,270612,111,1,0,13257,1230,,245760,3678208,24576
00h 01m 38s,271758,113,1,0,13257,1146,,245760,3678208,24576
00h 01m 38s,272342,114,1,0,13257,584,,245760,3678208,24576
00h 01m 38s,272852,114,1,0,13257,510,,,,
00h 01m 38s,272857,114,1,0,13257,5,,245760,3678208,24576
00h 01m 38s,272909,114,1,0,13257,52,00113,245760,3678208,24576
00h 01m 38s,273620,114,1,0,13257,711,,245760,3678208,24576
00h 01m 38s,275827,114,1,0,13260,2207,,,,
00h 01m 38s,278435,114,1,0,13260,2608,,,,
00h 02m 12s,281339,114,1,0,13260,2904,,245760,3678208,24576
00h 02m 12s,283881,114,1,0,13260,2542,,245760,3678208,24576
00h 02m 12s,286423,116,1,0,13263,2542,,245760,3678208,24576
00h 02m 12s,289137,116,1,0,13263,2714,,245760,3678208,24576
00h 02m 12s,292671,116,1,0,13263,3534,,245760,3678208,24576
00h 02m 12s,295760,116,1,0,13263,3089,,245760,3678208,24576
00h 02m 12s,298734,117,1,0,13265,2974,,245760,3678208,24576
00h 02m 12s,301773,117,1,0,13265,3039,,245760,3678208,24576
00h 02m 12s,304237,117,1,0,13265,2464,,245760,3678208,24576
00h 02m 12s,307432,118,1,0,13267,3195,,245760,3678208,24576
00h 02m 12s,310870,118,1,0,13267,3438,,245760,3678208,24576
00h 02m 12s,313756,119,1,0,13267,2886,,245760,3678208,24576
00h 02m 12s,316271,119,1,0,13274,2515,00119,245760,3678208,24576
00h 02m 12s,319588,120,1,0,13316,3317,,,,
00h 02m 12s,320450,120,1,0,13316,862,,245760,3678208,24576
00h 02m 12s,322464,121,1,0,13316,2014,,245760,3678208,24576
00h 02m 12s,325629,122,1,0,13329,3165,,245760,3678208,24576
00h 02m 12s,328620,123,1,0,13329,2991,00122,245760,3678208,24576
00h 02m 12s,330838,123,1,0,13331,2218,,245760,3678208,24576
00h 02m 12s,333780,124,1,0,13374,2942,,245760,3678208,24576
00h 02m 12s,337124,125,1,0,13382,3344,,245760,3678208,24576
00h 02m 12s,340007,126,1,0,13395,2883,,,,
00h 02m 12s,343154,126,1,0,13395,3147,,,,
00h 02m 12s,346359,126,1,0,13395,3205,,245760,3678208,24576
00h 02m 12s,349555,127,1,0,13396,3196,,,,
00h 02m 12s,352455,127,1,0,13396,2900,00127,245760,3678208,24576
00h 02m 12s,355757,128,1,1,13396,3302,00128,245760,3678208,24576
00h 02m 12s,358100,129,1,1,13407,2343,00126,245760,3678208,24576
00h 02m 12s,360729,129,1,1,13407,2629,,245760,3678208,24576
00h 02m 12s,363256,129,1,1,13407,2527,,245760,3678208,24576
00h 02m 12s,366027,131,1,1,13408,2771,,245760,3678208,24576
00h 02m 12s,368326,131,1,1,13420,2299,,245760,3678208,24576
00h 02m 12s,370554,133,1,1,13430,2228,,245760,3678208,24576
00h 02m 12s,372748,134,1,1,13430,2194,,245760,3678208,24576
00h 02m 12s,375011,135,1,1,13437,2263,,245760,3678208,24576
00h 02m 33s,377155,135,1,1,13437,2144,00135,245760,3678208,24576
00h 02m 33s,378227,136,1,1,13440,1072,00134,245760,3678208,24576
00h 02m 33s,380848,137,1,1,13441,2621,,245760,3678208,24576
00h 02m 33s,382973,138,1,1,13449,2125,,245760,3678208,24576
00h 02m 33s,385212,139,1,1,13452,2239,00139,245760,3678208,24576
00h 02m 33s,387637,141,1,1,13464,2425,00141,245760,3678208,24576
00h 02m 33s,390778,142,1,1,13466,3141,00140,245760,3678208,24576
00h 02m 33s,393892,143,1,1,13466,3114,00143,245760,3678208,24576
00h 02m 33s,396114,145,1,1,13471,2222,,245760,3678208,24576
00h 02m 33s,397665,146,1,1,13472,1551,00146,245760,3678208,24576
00h 02m 33s,398951,149,1,1,13483,1286,,245760,3678208,24576
00h 02m 33s,399975,150,1,1,13484,1024,,245760,3678208,24576
00h 02m 33s,401276,150,1,1,13484,1301,,245760,3678208,24576
00h 02m 33s,402507,150,1,1,13484,1231,00150,245760,3678208,24576
00h 02m 33s,403768,151,1,1,13484,1261,,245760,3678208,24576
00h 02m 33s,404803,151,1,1,13484,1035,00149,245760,3678208,24576
00h 02m 33s,405178,151,1,2,13484,375,,245760,3678208,24576
00h 02m 33s,405384,151,1,2,13484,206,,245760,3678208,24576
00h 02m 33s,405596,151,1,2,13484,212,,245760,3678208,24576
00h 02m 33s,405830,151,1,2,13484,234,,245760,3678208,24576
00h 03m 03s,406108,151,1,2,13484,278,00151,245760,3678208,24576
00h 03m 03s,406461,152,1,4,13515,353,,245760,3678208,24576
00h 03m 03s,406927,154,1,4,13520,466,,245760,3678208,24576
00h 03m 03s,407239,154,1,4,13520,312,,245760,3678208,24576
00h 03m 03s,407546,154,1,4,13520,307,,245760,3678208,24576
00h 03m 03s,407710,154,1,4,13525,164,,245760,3678208,24576
00h 03m 03s,407897,154,1,4,13525,187,,245760,3678208,24576
00h 03m 03s,408130,155,1,6,13535,233,,245760,3678208,24576
00h 03m 03s,408349,155,1,6,13535,219,,245760,3678208,24576
00h 03m 03s,408553,155,1,6,13535,204,,,,
00h 03m 03s,408756,155,1,6,13535,203,,245760,3678208,24576
00h 03m 03s,408968,155,1,6,13543,212,,245760,3678208,24576
00h 03m 03s,409195,156,1,6,13543,227,,245760,3678208,24576
00h 03m 03s,409487,156,1,8,13543,292,,245760,3678208,24576
00h 03m 03s,409969,157,1,8,13544,482,00156,245760,3678208,24576
00h 03m 03s,410289,157,1,8,13544,320,,245760,3678208,24576
00h 03m 03s,410876,157,1,8,13544,587,00157,245760,3678208,24576
00h 03m 03s,411217,158,1,8,13555,341,,245760,3678208,24576
00h 03m 03s,411586,158,1,8,13555,369,,245760,3678208,24576
00h 03m 03s,411864,158,1,9,13555,278,00155,245760,3678208,24576
00h 03m 03s,412270,158,1,10,13555,406,,,,
00h 03m 03s,412460,158,1,10,13555,190,,245760,3678208,24576
00h 03m 03s,412653,158,1,10,13555,193,00154,245760,3678208,24576
00h 03m 03s,412856,158,1,10,13555,203,,245760,3678208,24576
00h 03m 03s,413577,158,1,10,13555,721,,245760,3678208,24576
00h 03m 03s,413943,158,1,11,13555,366,,245760,3678208,24576
00h 03m 03s,414231,159,1,12,13557,288,,245760,3678208,24576
00h 03m 03s,414612,159,1,12,13557,381,00158,245760,3678208,24576
00h 03m 03s,415252,159,1,12,13557,640,,245760,3678208,24576
00h 03m 03s,415890,159,1,12,13557,638,00153,245760,3678208,24576
00h 03m 26s,416926,159,1,12,13557,1036,00152,245760,3678208,24576
00h 03m 26s,417686,159,1,13,13557,760,,245760,3678208,24576
00h 03m 26s,418091,161,1,13,13560,405,00160,245760,3678208,24576
00h 03m 26s,418283,161,1,14,13560,192,,245760,3678208,24576
00h 03m 26s,418457,162,1,14,13562,174,,245760,3678208,24576
00h 03m 26s,418643,163,1,14,13562,186,00162,245760,3678208,24576
00h 03m 26s,419507,163,1,15,13579,864,,245760,3678208,24576
00h 03m 26s,420085,165,1,16,13589,578,,245760,3678208,24576
00h 03m 26s,420314,165,1,16,13589,229,,245760,3678208,24576
00h 03m 26s,420520,165,1,16,13589,206,,245760,3678208,24576
00h 03m 26s,420751,165,1,16,13589,231,,245760,3678208,24576
00h 03m 26s,420986,165,1,16,13589,235,,245760,3678208,24576
00h 03m 26s,421249,165,1,17,13589,263,,245760,3678208,24576
00h 03m 26s,421546,166,1,18,13608,297,,245760,3678208,24576
00h 03m 26s,421803,166,1,18,13608,257,00165,245760,3678208,24576
00h 03m 26s,422515,166,1,18,13608,712,,245760,3678208,24576
00h 03m 26s,422735,166,1,18,13608,220,,,,
00h 03m 26s,423012,166,1,18,13608,277,,245760,3678208,24576
00h 03m 26s,423342,166,1,18,13608,330,00163,245760,3678208,24576
00h 03m 26s,424137,166,1,19,13608,795,,245760,3678208,24576
00h 03m 26s,424502,166,1,19,13624,365,,,,
00h 03m 26s,424798,167,1,19,13624,296,,245760,3678208,24576
00h 03m 26s,425183,167,1,19,13624,385,00166,245760,3678208,24576
00h 03m 26s,425612,167,1,20,13624,429,00159,245760,3678208,24576
00h 03m 52s,426209,168,1,20,13627,597,00167,245760,3678208,24576
00h 03m 52s,427256,168,1,20,13627,1047,00148,245760,3678208,24576
00h 03m 52s,428670,168,1,20,13627,1414,,245760,3678208,24576
00h 03m 52s,429035,168,1,20,13627,365,,245760,3678208,24576
00h 03m 52s,430032,168,1,21,13627,997,00145,245760,3678208,24576
00h 03m 52s,430899,168,1,21,13627,867,,245760,3678208,24576
00h 03m 52s,431148,168,1,21,13627,249,,245760,3678208,24576
00h 03m 52s,431304,168,1,21,13627,156,,245760,3678208,24576
00h 03m 52s,431488,168,1,21,13627,184,,245760,3678208,24576
00h 03m 52s,431664,168,1,21,13627,176,,245760,3678208,24576
00h 03m 52s,431823,168,1,21,13627,159,,245760,3678208,24576
00h 03m 52s,432017,168,1,21,13627,194,,245760,3678208,24576
00h 03m 52s,432363,168,1,22,13627,346,00168,245760,3678208,24576
00h 03m 52s,432725,169,1,22,13627,362,,245760,3678208,24576
00h 03m 52s,433305,169,1,22,13627,580,00142,245760,3678208,24576
00h 03m 52s,434108,169,1,22,13627,803,,245760,3678208,24576
00h 03m 52s,434472,169,1,22,13627,364,,245760,3678208,24576
00h 03m 52s,434851,169,1,22,13627,379,,245760,3678208,24576
00h 03m 52s,435252,169,1,23,13627,401,00171,245760,3678208,24576
00h 03m 52s,436372,172,1,23,13630,1120,00173,245760,3678208,24576
00h 03m 52s,437218,174,1,23,13680,846,,245760,3678208,24576
00h 03m 52s,438007,174,1,23,13680,789,,245760,3678208,24576
00h 03m 52s,438335,174,1,23,13680,328,,245760,3678208,24576
00h 03m 52s,438429,174,1,23,13680,94,,245760,3678208,24576
00h 03m 52s,438514,174,1,23,13680,85,00172,245760,3678208,24576
00h 03m 52s,438878,174,1,24,13680,364,,245760,3678208,24576
00h 04m 47s,439235,174,1,24,13680,357,,245760,3678208,24576
00h 04m 47s,439367,174,1,24,13680,132,,245760,3678208,24576
00h 04m 47s,439501,174,1,24,13680,134,00170,245760,3678208,24576
00h 04m 47s,439655,174,1,24,13680,154,,245760,3678208,24576
00h 04m 47s,440755,174,1,24,13680,1100,00137,245760,3678208,24576
00h 04m 47s,441936,174,1,24,13710,1181,,245760,3678208,24576
00h 04m 47s,442472,174,1,24,13710,536,,245760,3678208,24576
00h 04m 47s,442966,174,1,24,13710,494,00136,245760,3678208,24576
00h 04m 47s,444020,175,1,24,13715,1054,00174,245760,3678208,24576
00h 04m 47s,444266,175,1,24,13715,246,,245760,3678208,24576
00h 04m 47s,444363,175,1,24,13715,97,,245760,3678208,24576
00h 04m 47s,444467,175,1,24,13715,104,,,,
00h 04m 47s,444568,175,1,24,13715,101,,245760,3678208,24576
00h 04m 47s,444662,175,1,24,13766,94,,245760,3678208,24576
00h 04m 47s,444754,175,1,24,13766,92,,245760,3678208,24576
00h 04m 47s,444848,175,1,24,13766,94,,245760,3678208,24576
00h 04m 47s,444949,176,1,24,13772,101,,,,
00h 04m 47s,445050,176,1,24,13772,101,,245760,3678208,24576
00h 04m 47s,445133,177,1,24,13774,83,,245760,3678208,24576
00h 04m 47s,445235,177,1,24,13774,102,,245760,3678208,24576
00h 04m 47s,445319,177,1,24,13774,84,,,,
00h 04m 47s,445423,177,1,24,13774,104,,245760,3678208,24576
00h 04m 47s,445524,178,1,24,13776,101,,,,
00h 04m 47s,445618,178,1,24,13776,94,00177,245760,3678208,24576
00h 04m 47s,445710,178,1,24,13776,92,,245760,3678208,24576
00h 04m 47s,445824,178,1,24,13776,114,,,,
00h 04m 47s,445948,178,1,24,13776,124,,245760,3678208,24576
00h 04m 47s,446086,178,1,24,13776,138,00178,,,
00h 04m 47s,446204,179,1,24,13777,118,,245760,3678208,24576
00h 04m 47s,446326,180,1,24,13781,122,,,,
00h 04m 47s,446455,180,1,24,13781,129,,245760,3678208,24576
00h 04m 47s,446573,180,1,24,13781,118,,245760,3678208,24576
00h 04m 47s,446715,180,1,24,13781,142,,245760,3678208,24576
00h 04m 47s,446825,180,1,24,13781,110,,,,
00h 04m 47s,446915,180,1,24,13781,90,,,,
00h 04m 47s,446996,180,1,24,13781,81,,,,
00h 04m 47s,447080,180,1,24,13781,84,,,,
00h 04m 47s,447157,180,1,24,13781,77,,,,
00h 04m 47s,447245,180,1,24,13781,88,,245760,3678208,24576
00h 04m 47s,447326,180,1,24,13781,81,,245760,3678208,24576
00h 04m 47s,447427,181,1,24,13792,101,,245760,3678208,24576
00h 04m 47s,447520,182,1,24,13850,93,00181,245760,3678208,24576
00h 04m 47s,447623,182,1,24,13850,103,00179,245760,3678208,24576
00h 04m 47s,447749,182,1,24,13850,126,,245760,3678208,24576
00h 04m 47s,447851,182,1,24,13850,102,,,,
00h 04m 47s,447952,182,1,24,13850,101,00176,245760,3678208,24576
00h 04m 47s,448050,183,1,24,13859,98,,245760,3678208,24576
00h 04m 47s,448151,184,1,24,13860,101,,,,
00h 04m 47s,448237,184,1,24,13860,86,,245760,3678208,24576
00h 04m 47s,448327,184,1,24,13860,90,,245760,3678208,24576
00h 04m 47s,448423,184,1,24,13860,96,,,,
00h 04m 47s,448517,184,1,24,13860,94,,,,
00h 04m 47s,448603,184,1,24,13860,86,,,,
00h 04m 47s,448695,184,1,24,13860,92,,,,
00h 05m 55s,448789,184,1,24,13860,94,,245760,3678208,24576
00h 05m 55s,448868,184,1,24,13860,79,,245760,3678208,24576
00h 05m 55s,448961,185,1,24,13861,93,,,,
00h 05m 55s,449044,185,1,24,13861,83,,,,
00h 05m 55s,449134,185,1,24,13861,90,,245760,3678208,24576
00h 05m 55s,449214,185,1,24,13861,80,,245760,3678208,24576
00h 05m 55s,449285,185,1,24,13861,71,,,,
00h 05m 55s,449372,185,1,24,13861,87,,,,
00h 05m 55s,449460,185,1,24,13861,88,,,,
00h 05m 55s,449548,185,1,24,13861,88,,245760,3678208,24576
00h 05m 55s,449633,185,1,24,13861,85,,,,
00h 05m 55s,449728,186,1,24,13864,95,,245760,3678208,24576
00h 05m 55s,449808,186,1,24,13864,80,,,,
00h 05m 55s,449893,186,1,24,13864,85,,245760,3678208,24576
00h 05m 55s,449977,186,1,24,13864,84,,,,
00h 05m 55s,450066,186,1,24,13864,89,,,,
00h 05m 55s,450162,186,1,24,13864,96,,,,
00h 05m 55s,450246,186,1,24,13864,84,,,,
00h 05m 55s,450328,186,1,24,13864,82,,245760,3678208,24576
00h 05m 55s,450416,186,1,24,13864,88,,,,
00h 05m 55s,450500,186,1,24,13864,84,,245760,3678208,24576
00h 05m 55s,450584,186,1,24,13864,84,,245760,3678208,24576
00h 05m 55s,450671,186,1,24,13864,87,,,,
00h 05m 55s,450762,186,1,24,13864,91,,,,
00h 05m 55s,450856,186,1,24,13864,94,,,,
00h 05m 55s,450955,186,1,24,13864,99,,,,
00h 05m 55s,451052,186,1,24,13864,97,,245760,3678208,24576
00h 05m 55s,451145,186,1,24,13864,93,,245760,3678208,24576
00h 05m 55s,451234,186,1,24,13865,89,,245760,3678208,24576
00h 05m 55s,451326,186,1,24,13865,92,,245760,3678208,24576
00h 05m 55s,451413,186,1,24,13865,87,,245760,3678208,24576
00h 05m 55s,451501,186,1,24,13865,88,,,,
00h 05m 55s,451586,186,1,24,13865,85,,,,
00h 05m 55s,451687,186,1,24,13865,101,,,,
00h 05m 55s,451779,186,1,24,13865,92,,245760,3678208,24576
00h 05m 55s,451878,187,1,24,13866,99,,,,
00h 05m 55s,451975,187,1,24,13866,97,00186,245760,3678208,24576
00h 05m 55s,452063,187,1,24,13866,88,00185,245760,3678208,24576
00h 05m 55s,452154,187,1,24,13866,91,,245760,3678208,24576
00h 05m 55s,452228,187,1,24,13866,74,,,,
00h 05m 55s,452328,187,1,24,13866,100,,,,
00h 05m 55s,452417,187,1,24,13866,89,,,,
00h 05m 55s,452509,187,1,24,13866,92,,,,
00h 05m 55s,452603,187,1,24,13866,94,,245760,3678208,24576
00h 05m 55s,452696,187,1,24,13866,93,,245760,3678208,24576
00h 05m 55s,452802,188,1,24,13872,106,,,,
00h 05m 55s,452899,188,1,24,13872,97,,,,
00h 05m 55s,452989,188,1,24,13872,90,,,,
00h 05m 55s,453093,188,1,24,13872,104,,,,
00h 05m 55s,453199,189,1,24,13872,106,00188,245760,3678208,24576
00h 05m 55s,453292,189,1,24,13872,93,00187,,,
00h 05m 55s,453386,189,1,24,13872,94,,245760,3678208,24576
00h 05m 55s,453472,189,1,24,13872,86,,245760,3678208,24576
00h 05m 55s,453564,189,1,24,13872,92,,,,
00h 05m 55s,453668,190,1,24,13873,104,,245760,3678208,24576
00h 05m 55s,453768,190,1,24,13873,100,,245760,3678208,24576
00h 05m 55s,453862,190,1,24,13873,94,,245760,3678208,24576
00h 05m 55s,453961,190,1,24,13873,99,,245760,3678208,24576
00h 05m 55s,454064,190,1,24,13873,103,,245760,3678208,24576
00h 05m 55s,454166,191,1,24,13876,102,,245760,3678208,24576
00h 05m 55s,454263,191,1,24,13876,97,,245760,3678208,24576
00h 05m 55s,454367,191,1,24,13876,104,,245760,3678208,24576
00h 05m 55s,454463,191,1,24,13876,96,,245760,3678208,24576
00h 05m 55s,454557,192,1,24,13898,94,,245760,3678208,24576
00h 05m 55s,454652,192,1,24,13898,95,,245760,3678208,24576
00h 05m 55s,454746,192,1,24,13898,94,,245760,3678208,24576
00h 05m 55s,454831,192,1,24,13898,85,,245760,3678208,24576
00h 05m 55s,454917,192,1,24,13898,86,00191,,,
00h 07m 10s,455022,192,1,24,13898,105,,245760,3678208,24576
00h 07m 10s,455115,192,1,24,13898,93,,,,
00h 07m 10s,455210,192,1,24,13898,95,,245760,3678208,24576
00h 07m 10s,455301,192,1,24,13898,91,,245760,3678208,24576
00h 07m 10s,455402,193,1,24,13901,101,,245760,3678208,24576
00h 07m 10s,455507,193,1,24,13901,105,,245760,3678208,24576
00h 07m 10s,455603,193,1,24,13901,96,,,,
00h 07m 10s,455696,193,1,24,13901,93,,,,
00h 07m 10s,455786,193,1,24,13901,90,,,,
00h 07m 10s,455876,193,1,24,13901,90,,,,
00h 07m 10s,455977,193,1,24,13901,101,,245760,3678208,24576
00h 07m 10s,456072,193,1,24,13901,95,,245760,3678208,24576
00h 07m 10s,456168,193,1,24,13901,96,,,,
00h 07m 10s,456276,193,1,24,13901,108,,,,
00h 07m 10s,456379,193,1,24,13901,103,,,,
00h 07m 10s,456491,193,1,24,13901,112,,,,
00h 07m 10s,456592,193,1,24,13901,101,,,,
00h 07m 10s,456711,193,1,24,13901,119,00192,245760,3678208,24576
00h 07m 10s,456810,193,1,24,13901,99,,245760,3678208,24576
00h 07m 10s,456916,194,1,24,13902,106,,245760,3678208,24576
00h 07m 10s,457026,194,1,24,13902,110,,,,
00h 07m 10s,457129,194,1,24,13902,103,,,,
00h 07m 10s,457242,194,1,24,13902,113,,,,
00h 07m 10s,457344,194,1,24,13902,102,,245760,3678208,24576
00h 07m 10s,457444,194,1,24,13902,100,,245760,3678208,24576
00h 07m 10s,457537,194,1,24,13902,93,,,,
00h 07m 10s,457644,194,1,24,13902,107,,,,
00h 07m 10s,457759,194,1,24,13902,115,,245760,3678208,24576
00h 07m 10s,457863,194,1,24,13902,104,,245760,3678208,24576
00h 07m 10s,457964,194,1,24,13902,101,,245760,3678208,24576
00h 07m 10s,458066,194,1,24,13902,101,,245760,3678208,24576
00h 07m 10s,458149,194,1,24,13902,83,,,,
00h 07m 10s,458257,194,1,24,13902,108,,,,
00h 07m 10s,458357,194,1,24,13902,100,,,,
00h 07m 10s,458455,194,1,24,13902,98,00193,245760,3678208,24576
00h 07m 10s,458547,194,1,24,13902,92,,,,
00h 07m 10s,458661,194,1,24,13902,114,00190,245760,3678208,24576
00h 07m 10s,458762,194,1,24,13902,101,00189,,,
00h 07m 10s,458864,194,1,24,13902,102,,245760,3678208,24576
00h 07m 10s,458958,194,1,24,13902,94,,,,
00h 07m 10s,459047,194,1,24,13902,89,,,,
00h 07m 10s,459145,194,1,24,13902,98,,,,
00h 07m 10s,459238,194,1,24,13902,93,,,,
00h 07m 10s,459332,194,1,24,13902,94,,245760,3678208,24576
00h 07m 10s,459426,194,1,24,13902,94,,,,
00h 07m 10s,459516,194,1,24,13902,90,00184,245760,3678208,24576
00h 07m 10s,459613,194,1,24,13902,97,,,,
00h 07m 10s,459708,194,1,24,13902,95,,,,
00h 07m 10s,459792,194,1,24,13902,84,,,,
00h 07m 10s,459897,194,1,24,13902,105,,,,
00h 07m 10s,459994,194,1,24,13902,97,,245760,3678208,24576
00h 07m 10s,460096,194,1,24,13902,102,,245760,3678208,24576
00h 07m 10s,460189,194,1,24,13902,93,,245760,3678208,24576
00h 07m 10s,460273,194,1,24,13902,84,,,,
00h 07m 10s,460356,194,1,24,13902,83,,245760,3678208,24576
00h 07m 10s,460445,194,1,24,13902,89,,,,
00h 07m 10s,460539,194,1,24,13902,94,,,,
00h 07m 10s,460636,194,1,24,13902,97,,245760,3678208,24576
00h 07m 10s,460740,194,1,24,13902,104,,,,
00h 07m 10s,460842,194,1,24,13902,102,,,,
00h 07m 10s,460942,194,1,24,13902,100,,,,
00h 07m 10s,461043,194,1,24,13902,101,,,,
00h 07m 10s,461143,194,1,24,13902,100,,,,
00h 07m 10s,461236,194,1,24,13902,93,,,,
00h 07m 10s,461334,194,1,24,13902,98,,,,
00h 07m 10s,461427,194,1,24,13902,93,00183,,,
00h 07m 10s,461519,194,1,24,13902,92,,,,
00h 07m 10s,461610,194,1,24,13902,91,,,,
00h 07m 10s,461707,194,1,24,13902,97,,245760,3678208,24576
00h 07m 10s,461810,195,1,24,13903,103,,,,
00h 07m 10s,461912,195,1,24,13903,102,00194,245760,3678208,24576
00h 07m 10s,462016,195,1,24,13903,104,,245760,3678208,24576
00h 07m 10s,462133,197,1,24,13914,117,,245760,3678208,24576
00h 07m 10s,462238,198,1,24,13915,105,,245760,3678208,24576
00h 07m 10s,462344,198,1,24,13915,106,,245760,3678208,24576
00h 08m 26s,462448,198,1,24,13915,104,,245760,3678208,24576
00h 08m 26s,462557,199,1,24,13917,109,,245760,3678208,24576
00h 08m 26s,462662,199,1,24,13917,105,,,,
00h 08m 26s,462781,199,1,24,13917,119,,245760,3678208,24576
00h 08m 26s,462892,199,1,24,13917,111,,,,
00h 08m 26s,463000,199,1,24,13917,108,,245760,3678208,24576
00h 08m 26s,463093,199,1,24,13917,93,,,,
00h 08m 26s,463205,199,1,24,13917,112,,,,
00h 08m 26s,463321,199,1,24,13917,116,,245760,3678208,24576
00h 08m 26s,463423,199,1,24,13917,102,,,,
00h 08m 26s,463529,199,1,24,13917,106,,245760,3678208,24576
00h 08m 26s,463641,199,1,24,13917,112,,,,
00h 08m 26s,463753,200,1,24,13919,112,,,,
00h 08m 26s,463864,200,1,24,13919,111,,245760,3678208,24576
00h 08m 26s,463986,200,1,24,13919,122,,245760,3678208,24576
00h 08m 26s,464096,200,1,24,13919,110,,245760,3678208,24576
00h 08m 26s,464210,200,1,24,13919,114,,245760,3678208,24576
00h 08m 26s,464315,200,1,24,13919,105,00199,245760,3678208,24576
00h 08m 26s,464826,200,1,24,13919,511,00198,245760,3678208,24576
00h 08m 26s,465015,201,1,24,13920,189,,245760,3678208,24576
00h 08m 26s,465119,202,1,24,13923,104,,,,
00h 08m 26s,465237,202,1,24,13923,118,,245760,3678208,24576
00h 08m 26s,465344,202,1,24,13923,107,,,,
00h 08m 26s,465454,202,1,24,13923,110,,,,
00h 08m 26s,465561,202,1,24,13923,107,,,,
00h 08m 26s,465667,202,1,24,13923,106,,245760,3678208,24576
00h 08m 26s,465770,203,1,25,13924,103,,245760,3678208,24576
00h 08m 26s,465884,203,1,25,13924,114,,245760,3678208,24576
00h 08m 26s,466000,203,1,25,13924,116,00202,,,
00h 08m 26s,466114,203,1,25,13924,114,00201,245760,3678208,24576
00h 08m 26s,466215,203,1,25,13924,101,,,,
00h 08m 26s,466318,203,1,25,13924,103,,,,
00h 08m 26s,466428,203,1,25,13924,110,,245760,3678208,24576
00h 08m 26s,466524,203,1,25,13924,96,,245760,3678208,24576
00h 08m 26s,466624,203,1,25,13924,100,,245760,3678208,24576
00h 08m 26s,466734,203,1,25,13924,110,,,,
00h 08m 26s,466839,203,1,25,13924,105,,,,
00h 08m 26s,466936,203,1,25,13924,97,,,,
00h 08m 26s,467037,203,1,25,13924,101,,245760,3678208,24576
00h 08m 26s,467137,203,1,25,13924,100,,245760,3678208,24576
00h 08m 26s,467233,203,1,25,13924,96,,,,
00h 08m 26s,467351,203,1,25,13924,118,,245760,3678208,24576
00h 08m 26s,467451,203,1,25,13924,100,,,,
00h 08m 26s,467553,203,1,25,13924,102,,,,
00h 08m 26s,467656,203,1,25,13924,103,,245760,3678208,24576
00h 08m 26s,467755,203,1,25,13924,99,,,,
00h 08m 26s,467858,203,1,25,13924,103,,,,
00h 08m 26s,467959,203,1,25,13924,101,00200,245760,3678208,24576
00h 08m 26s,468061,203,1,25,13924,102,,,,
00h 08m 26s,468651,203,1,25,13924,590,00197,245760,3678208,24576
00h 08m 26s,468751,203,1,25,13924,100,,245760,3678208,24576
00h 08m 26s,468842,203,1,25,13924,91,,245760,3678208,24576
00h 08m 26s,468932,203,1,25,13924,90,00196,245760,3678208,24576
00h 08m 26s,469021,203,1,25,13924,89,,245760,3678208,24576
00h 08m 26s,469102,203,1,25,13924,81,,,,
00h 08m 26s,469184,203,1,25,13924,82,,,,
00h 08m 26s,469279,203,1,25,13924,95,,,,
00h 08m 26s,469365,203,1,25,13924,86,,,,
00h 08m 26s,469452,203,1,25,13924,87,,245760,3678208,24576
00h 08m 26s,469535,203,1,25,13924,83,,,,
00h 08m 26s,469628,204,1,25,13928,93,,,,
00h 08m 26s,469720,204,1,25,13928,92,,245760,3678208,24576
00h 08m 26s,469814,204,1,25,13928,94,,,,
00h 08m 26s,469901,204,1,25,13928,87,,,,
00h 08m 26s,469991,204,1,25,13928,90,,,,
00h 08m 26s,470080,204,1,25,13928,89,,,,
00h 08m 26s,470174,204,1,25,13928,94,,,,
00h 08m 26s,470261,204,1,25,13928,87,,,,
00h 08m 26s,470343,204,1,25,13928,82,,,,
00h 08m 26s,470441,204,1,25,13928,98,,,,
00h 08m 26s,470538,204,1,25,13928,97,,,,
00h 08m 26s,470641,204,1,25,13928,103,,245760,3678208,24576
00h 08m 26s,470739,205,1,25,13930,98,,245760,3678208,24576
00h 08m 26s,470836,205,1,25,13930,97,,245760,3678208,24576
00h 08m 26s,470941,205,1,25,13930,105,,,,
00h 08m 26s,471058,205,1,25,13930,117,,245760,3678208,24576
00h 09m 31s,471158,205,1,25,13930,100,,245760,3678208,24576
00h 09m 31s,471261,205,1,25,13930,103,,245760,3678208,24576
00h 09m 31s,471362,205,1,25,13930,101,,245760,3678208,24576
00h 09m 31s,471464,205,1,25,13930,102,,245760,3678208,24576
00h 09m 31s,471573,205,1,25,13930,109,,245760,3678208,24576
00h 09m 31s,471664,205,1,25,13930,91,,245760,3678208,24576
00h 09m 31s,471771,205,1,25,13930,107,,245760,3678208,24576
00h 09m 31s,471885,205,1,25,13930,114,00204,245760,3678208,24576
00h 09m 31s,471993,205,1,25,13930,108,,245760,3678208,24576
00h 09m 31s,472103,205,1,25,13930,110,,245760,3678208,24576
00h 09m 31s,472200,205,1,25,13930,97,,245760,3678208,24576
00h 09m 31s,472287,205,1,25,13930,87,,,,
00h 09m 31s,472387,205,1,25,13930,100,00203,245760,3678208,24576
00h 09m 31s,472493,205,1,25,13930,106,,245760,3678208,24576
00h 09m 31s,472608,205,1,25,13930,115,,245760,3678208,24576
00h 09m 31s,472708,205,1,25,13930,100,00195,245760,3678208,24576
00h 09m 31s,474006,205,1,25,13935,1298,,245760,3678208,24576
00h 09m 31s,475605,205,1,25,13935,1599,,245760,3678208,24576
00h 09m 31s,475997,206,1,25,13935,392,,,,
00h 09m 31s,476114,206,1,25,13935,117,,245760,3678208,24576
00h 09m 31s,476227,206,1,25,13935,113,,245760,3678208,24576
00h 09m 31s,476340,207,1,25,13936,113,,,,
00h 09m 31s,476453,207,1,25,13936,113,00205,245760,3678208,24576
00h 09m 31s,477114,207,1,25,13936,661,,245760,3678208,24576
00h 09m 31s,477404,207,1,25,13936,290,00182,245760,3678208,24576
00h 09m 31s,477777,207,1,25,13936,373,,,,
00h 09m 31s,477878,207,1,25,13936,101,,,,
00h 09m 31s,477980,207,1,25,13936,102,,245760,3678208,24576
00h 09m 31s,478086,207,1,25,13936,106,,245760,3678208,24576
00h 09m 31s,478187,207,1,25,13936,101,,245760,3678208,24576
00h 09m 31s,478292,207,1,25,13936,105,,245760,3678208,24576
00h 09m 31s,478391,208,1,25,13948,99,,,,
00h 09m 31s,478492,208,1,25,13948,101,,,,
00h 09m 31s,478597,208,1,25,13948,105,,,,
00h 09m 31s,478697,208,1,25,13948,100,,245760,3678208,24576
00h 09m 31s,478800,208,1,25,13948,103,,,,
00h 09m 31s,478908,208,1,25,13948,108,,,,
00h 09m 31s,479008,208,1,25,13948,100,,,,
00h 09m 31s,479109,208,1,25,13948,101,00207,245760,3678208,24576
00h 09m 31s,479202,208,1,25,13948,93,,245760,3678208,24576
00h 09m 31s,479295,208,1,25,13948,93,,,,
00h 09m 31s,479388,208,1,25,13948,93,,245760,3678208,24576
00h 09m 31s,479478,208,1,25,13948,90,,245760,3678208,24576
00h 09m 31s,479580,209,1,25,13949,102,,,,
00h 09m 31s,479690,209,1,25,13949,110,,,,
00h 09m 31s,479792,209,1,25,13949,102,,,,
00h 09m 31s,479901,209,1,25,13949,109,,245760,3678208,24576
00h 09m 31s,480008,209,1,25,13949,107,,,,
00h 09m 31s,480113,209,1,25,13949,105,,,,
00h 09m 31s,480222,209,1,25,13949,109,,245760,3678208,24576
00h 09m 31s,480328,209,1,25,13949,106,,245760,3678208,24576
00h 09m 31s,480448,209,1,25,13949,120,,,,
00h 09m 31s,480560,210,1,25,13951,112,,,,
00h 09m 31s,480669,210,1,25,13951,109,,,,
00h 09m 31s,480780,210,1,25,13951,111,,,,
00h 09m 31s,480891,210,1,25,13951,111,,,,
00h 09m 31s,481006,210,1,25,13951,115,,,,
00h 09m 31s,481118,210,1,25,13951,112,,245760,3678208,24576
00h 09m 31s,481234,210,1,25,13951,116,,245760,3678208,24576
00h 09m 31s,481349,210,1,25,13951,115,,245760,3678208,24576
00h 09m 31s,481460,210,1,25,13951,111,,245760,3678208,24576
00h 09m 31s,481572,210,1,25,13951,112,,245760,3678208,24576
00h 09m 31s,481685,210,1,25,13951,113,,245760,3678208,24576
