Elapsed Time,Pid,Iteration,Coverage Count,Corpus Entries,Crashes
0h 1m 58s,27461,1,2739,76095,0
0h 1m 58s,27467,1,2855,76096,0
0h 1m 58s,27462,1,2857,76095,0
0h 1m 58s,27461,2,2895,76096,0
0h 1m 58s,27467,2,2862,76097,0
0h 1m 58s,27468,1,2897,76097,0
0h 1m 58s,27461,3,4160,76097,0
0h 1m 58s,27467,3,3128,76099,0
0h 1m 58s,27462,2,3332,76098,0
0h 1m 58s,27462,3,3332,76098,0
0h 1m 58s,27465,1,5097,76102,0
0h 1m 58s,27459,1,4096,76103,0
0h 1m 58s,27468,2,4652,76100,0
0h 1m 58s,27465,2,5266,76103,0
0h 1m 58s,27461,4,5323,76102,0
0h 1m 58s,27459,2,5332,76107,0
0h 1m 58s,27468,3,5304,76104,0
0h 1m 58s,27467,4,5100,76105,0
0h 1m 59s,27465,3,5759,76106,0
0h 1m 59s,27460,1,5269,76102,0
0h 1m 59s,27462,4,5515,76105,0
0h 1m 59s,27459,3,5884,76110,0
0h 1m 59s,27460,2,5340,76103,0
0h 1m 59s,27465,4,5759,76106,0
0h 1m 59s,27468,4,5324,76104,0
0h 1m 59s,27468,5,5417,76105,0
0h 1m 59s,27460,3,5465,76106,0
0h 1m 59s,27459,4,5891,76111,0
0h 1m 59s,27461,5,5381,76104,0
0h 1m 59s,27468,6,5640,76110,0
0h 1m 59s,27468,7,5984,76112,0
0h 2m 0s,27461,6,6008,76111,0
0h 2m 0s,27460,4,5872,76109,0
0h 2m 0s,27461,7,6033,76111,0
0h 2m 0s,27468,8,6032,76113,0
0h 2m 0s,27461,8,6081,76112,0
0h 2m 0s,27468,9,6228,76115,0
0h 2m 0s,27461,9,6276,76114,0
0h 2m 0s,27468,10,6312,76116,0
0h 2m 0s,27468,11,6360,76116,0
0h 2m 0s,27461,10,6444,76116,0
0h 2m 1s,27461,11,6494,76117,0
0h 2m 1s,27462,5,5516,76105,0
0h 2m 1s,27459,5,6114,76114,0
0h 2m 1s,27468,12,6441,76117,0
0h 2m 1s,27468,13,6443,76117,0
0h 2m 1s,27461,12,6507,76117,0
0h 2m 1s,27459,6,6179,76116,0
0h 2m 1s,27459,7,6181,76116,0
0h 2m 1s,27459,8,6261,76117,0
0h 2m 1s,27461,13,8905,76118,0
0h 2m 1s,27467,5,5647,76108,0
0h 2m 1s,27467,6,5864,76113,0
0h 2m 1s,27462,6,6176,76111,0
0h 2m 1s,27465,5,5815,76107,0
0h 2m 1s,27468,14,6448,76117,0
0h 2m 1s,27468,15,6452,76117,0
0h 2m 1s,27468,16,6452,76117,0
0h 2m 1s,27459,9,6460,76119,0
0h 2m 1s,27467,7,5984,76115,0
0h 2m 2s,27461,14,9627,76119,0
0h 2m 2s,27462,7,6363,76117,0
0h 2m 2s,27462,8,6363,76117,0
0h 2m 2s,27459,10,6586,76121,0
0h 2m 2s,27465,6,7243,76119,0
0h 2m 2s,27461,15,9637,76119,0
0h 2m 2s,27462,9,6438,76118,0
0h 2m 2s,27467,8,6066,76117,0
0h 2m 2s,27462,10,6525,76119,0
0h 2m 2s,27459,11,6660,76123,0
0h 2m 2s,27468,17,6628,76119,0
0h 2m 2s,27465,7,7348,76121,0
0h 2m 2s,27468,18,6687,76119,0
0h 2m 2s,27467,9,6340,76119,0
0h 2m 2s,27462,11,6722,76122,0
0h 2m 2s,27468,19,6721,76121,0
0h 2m 2s,27465,8,7702,76124,0
0h 2m 2s,27461,16,9823,76120,0
0h 2m 2s,27468,20,6893,76121,0
0h 2m 2s,27467,10,6586,76119,0
0h 2m 3s,27468,21,7168,76122,0
0h 2m 3s,27465,9,7726,76124,0
0h 2m 3s,27459,12,6677,76123,0
0h 2m 3s,27465,10,7726,76124,0
0h 2m 3s,27460,5,6006,76110,0
0h 2m 3s,27461,17,9947,76122,0
0h 2m 3s,27468,22,7225,76124,0
0h 2m 3s,27465,11,7727,76124,0
0h 2m 3s,27467,11,6861,76120,0
0h 2m 3s,27461,18,10013,76123,0
0h 2m 3s,27467,12,6861,76120,0
0h 2m 3s,27460,6,6434,76115,0
0h 2m 3s,27465,12,7795,76125,0
0h 2m 3s,27468,23,7251,76125,0
0h 2m 3s,27467,13,6886,76121,0
0h 2m 3s,27459,13,9147,76126,0
0h 2m 3s,27460,7,6449,76116,0
0h 2m 3s,27461,19,10136,76126,0
0h 2m 3s,27460,8,6621,76118,0
0h 2m 3s,27468,24,7343,76126,0
0h 2m 3s,27461,20,10149,76126,0
0h 2m 3s,27467,14,6912,76121,0
0h 2m 3s,27465,13,10145,76126,0
0h 2m 3s,27467,15,6917,76121,0
0h 2m 4s,27468,25,9701,76127,0
0h 2m 4s,27459,14,9909,76128,0
0h 2m 4s,27460,9,9340,76120,0
0h 2m 4s,27465,14,10145,76126,0
0h 2m 4s,27465,15,10145,76126,0
0h 2m 4s,27465,16,10145,76126,0
0h 2m 4s,27461,21,10215,76127,0
0h 2m 4s,27467,16,6917,76121,0
0h 2m 4s,27459,15,9997,76128,0
0h 2m 4s,27468,26,9706,76127,0
0h 2m 4s,27460,10,9461,76122,0
0h 2m 4s,27461,22,10283,76128,0
0h 2m 4s,27468,27,9706,76127,0
0h 2m 4s,27460,11,9465,76123,0
0h 2m 4s,27465,17,10210,76126,0
0h 2m 5s,27459,16,10105,76129,0
0h 2m 5s,27461,23,10305,76129,0
0h 2m 5s,27465,18,10240,76127,0
0h 2m 5s,27461,24,10308,76130,0
0h 2m 5s,27465,19,10265,76129,0
0h 2m 5s,27465,20,10265,76129,0
0h 2m 5s,27468,28,9709,76127,0
0h 2m 5s,27461,25,10722,76131,0
0h 2m 5s,27461,26,10722,76131,0
0h 2m 5s,27461,27,10722,76131,0
0h 2m 5s,27461,28,10723,76131,0
0h 2m 5s,27468,29,10609,76128,0
0h 2m 5s,27461,29,10723,76131,0
0h 2m 5s,27465,21,10266,76129,0
0h 2m 5s,27461,30,10857,76131,0
0h 2m 6s,27461,31,10857,76131,0
0h 2m 6s,27465,22,10282,76131,0
0h 2m 6s,27467,17,6929,76121,0
0h 2m 6s,27468,30,10751,76128,0
0h 2m 6s,27461,32,10937,76131,0
0h 2m 6s,27461,33,10939,76131,0
0h 2m 6s,27468,31,10825,76130,0
0h 2m 6s,27465,23,10317,76133,0
0h 2m 6s,27459,17,10107,76129,0
0h 2m 6s,27467,18,7041,76121,0
0h 2m 6s,27468,32,10826,76130,0
0h 2m 6s,27459,18,10187,76129,0
0h 2m 6s,27461,34,10940,76131,0
0h 2m 6s,27459,19,10192,76130,0
0h 2m 6s,27468,33,10857,76130,0
0h 2m 6s,27465,24,10407,76134,0
0h 2m 6s,27468,34,10858,76130,0
0h 2m 6s,27465,25,10439,76134,0
0h 2m 6s,27467,19,7141,76122,0
0h 2m 6s,27459,20,10394,76131,0
0h 2m 6s,27467,20,7141,76122,0
0h 2m 6s,27461,35,10973,76131,0
0h 2m 6s,27465,26,10441,76134,0
0h 2m 6s,27468,35,10858,76130,0
0h 2m 7s,27467,21,7142,76122,0
0h 2m 7s,27467,22,7150,76123,0
0h 2m 7s,27467,23,7150,76123,0
0h 2m 7s,27459,21,10398,76131,0
0h 2m 7s,27467,24,7241,76124,0
0h 2m 7s,27459,22,10408,76132,0
0h 2m 7s,27467,25,9598,76126,0
0h 2m 7s,27467,26,9598,76126,0
0h 2m 7s,27467,27,9598,76126,0
0h 2m 7s,27459,23,10408,76132,0
0h 2m 8s,27459,24,10408,76132,0
0h 2m 8s,27459,25,10706,76133,0
0h 2m 8s,27467,28,9598,76126,0
0h 2m 8s,27467,29,9598,76126,0
0h 2m 8s,27459,26,10747,76133,0
0h 2m 8s,27459,27,10747,76133,0
0h 2m 8s,27459,28,10747,76133,0
0h 2m 8s,27459,29,10747,76133,0
0h 2m 8s,27467,30,9684,76126,0
0h 2m 8s,27462,12,6839,76122,0
0h 2m 8s,27467,31,9862,76127,0
0h 2m 8s,27467,32,9934,76127,0
0h 2m 8s,27462,13,6845,76122,0
0h 2m 8s,27459,30,10829,76133,0
0h 2m 8s,27462,14,6854,76122,0
0h 2m 8s,27462,15,6854,76122,0
0h 2m 9s,27459,31,10948,76136,0
0h 2m 9s,27467,33,9938,76127,0
0h 2m 9s,27462,16,7011,76123,0
0h 2m 9s,27459,32,11031,76136,0
0h 2m 9s,27467,34,9939,76127,0
0h 2m 9s,27459,33,11031,76136,0
0h 2m 9s,27467,35,9940,76127,0
0h 2m 10s,27467,36,9940,76127,0
0h 2m 10s,27462,17,7144,76124,0
0h 2m 10s,27467,37,10790,76128,0
0h 2m 10s,27462,18,7160,76125,0
0h 2m 10s,27467,38,10790,76128,0
0h 2m 10s,27467,39,10790,76128,0
0h 2m 10s,27462,19,7187,76126,0
0h 2m 10s,27459,34,11031,76136,0
0h 2m 10s,27459,35,11038,76136,0
0h 2m 10s,27459,36,11227,76137,0
0h 2m 10s,27467,40,11177,76129,0
0h 2m 10s,27462,20,7401,76126,0
0h 2m 10s,27467,41,11241,76130,0
0h 2m 11s,27467,42,11448,76131,0
0h 2m 11s,27467,43,11448,76131,0
0h 2m 11s,27459,37,12179,76138,0
0h 2m 11s,27465,27,10527,76134,0
0h 2m 11s,27462,21,7825,76128,0
0h 2m 11s,27460,12,10557,76128,0
0h 2m 11s,27465,28,10542,76134,0
0h 2m 11s,27467,44,11639,76133,0
0h 2m 11s,27462,22,7846,76129,0
0h 2m 11s,27462,23,7947,76131,0
0h 2m 11s,27462,24,8036,76132,0
0h 2m 11s,27465,29,11441,76135,0
0h 2m 11s,27460,13,10667,76128,0
0h 2m 11s,27460,14,10667,76128,0
0h 2m 11s,27460,15,10667,76128,0
0h 2m 11s,27467,45,11717,76135,0
0h 2m 12s,27462,25,8156,76133,0
0h 2m 12s,27465,30,11911,76136,0
0h 2m 12s,27465,31,11911,76136,0
0h 2m 12s,27462,26,8156,76133,0
0h 2m 12s,27467,46,11765,76135,0
0h 2m 12s,27462,27,8156,76133,0
0h 2m 12s,27460,16,10728,76128,0
0h 2m 12s,27467,47,11924,76135,0
0h 2m 12s,27465,32,12138,76136,0
0h 2m 12s,27465,33,12138,76136,0
0h 2m 12s,27467,48,11992,76135,0
0h 2m 12s,27462,28,8209,76133,0
0h 2m 12s,27462,29,10689,76134,0
0h 2m 12s,27460,17,10927,76129,0
0h 2m 12s,27467,49,12029,76135,0
0h 2m 12s,27460,18,10954,76129,0
0h 2m 13s,27467,50,12029,76135,0
0h 2m 13s,27465,34,12405,76137,0
0h 2m 13s,27462,30,10793,76134,0
0h 2m 13s,27467,51,12425,76137,0
0h 2m 13s,27460,19,11429,76133,0
0h 2m 13s,27467,52,12425,76137,0
0h 2m 13s,27467,53,12439,76137,0
0h 2m 13s,27465,35,12489,76138,0
0h 2m 13s,27462,31,10829,76136,0
0h 2m 13s,27467,54,12450,76137,0
0h 2m 13s,27467,55,12450,76137,0
0h 2m 13s,27460,20,11520,76134,0
0h 2m 13s,27462,32,10839,76136,0
0h 2m 13s,27462,33,10839,76136,0
0h 2m 13s,27460,21,11520,76134,0
0h 2m 13s,27462,34,10839,76136,0
0h 2m 14s,27460,22,11533,76134,0
0h 2m 14s,27462,35,10839,76136,0
0h 2m 14s,27460,23,11553,76134,0
0h 2m 14s,27460,24,11553,76134,0
0h 2m 15s,27467,56,12450,76137,0
0h 2m 15s,27460,25,11960,76134,0
0h 2m 15s,27467,57,12463,76138,0
0h 2m 15s,27461,36,11228,76133,0
0h 2m 15s,27467,58,12492,76138,0
0h 2m 15s,27460,26,11960,76134,0
0h 2m 15s,27459,38,12249,76138,0
0h 2m 15s,27468,36,11191,76131,0
0h 2m 15s,27461,37,12140,76134,0
0h 2m 15s,27460,27,12144,76135,0
0h 2m 15s,27460,28,12144,76135,0
0h 2m 15s,27468,37,12059,76133,0
0h 2m 16s,27459,39,12249,76138,0
0h 2m 16s,27460,29,12961,76135,0
0h 2m 16s,27461,38,12212,76135,0
0h 2m 16s,27468,38,12073,76133,0
0h 2m 16s,27459,40,12459,76139,0
0h 2m 16s,27460,30,12993,76135,0
0h 2m 16s,27461,39,12770,76136,0
0h 2m 16s,27468,39,12368,76133,0
0h 2m 17s,27460,31,13397,76138,0
0h 2m 17s,27460,32,13410,76138,0
0h 2m 17s,27468,40,12950,76136,0
0h 2m 17s,27468,41,13020,76137,0
0h 2m 17s,27459,41,12543,76141,0
0h 2m 17s,27467,59,12569,76139,0
0h 2m 17s,27468,42,13190,76138,0
0h 2m 17s,27468,43,13190,76138,0
0h 2m 17s,27461,40,12959,76137,0
0h 2m 18s,27468,44,13300,76138,0
0h 2m 18s,27459,42,12714,76142,0
0h 2m 18s,27467,60,15784,76140,0
0h 2m 18s,27468,45,16592,76142,0
0h 2m 18s,27467,61,15889,76140,0
0h 2m 18s,27459,43,12960,76144,0
0h 2m 18s,27468,46,16618,76142,0
0h 2m 18s,27467,62,15981,76141,0
0h 2m 18s,27467,63,15981,76141,0
0h 2m 18s,27461,41,13001,76137,0
0h 2m 18s,27459,44,13057,76144,0
0h 2m 19s,27461,42,13196,76139,0
0h 2m 19s,27459,45,13059,76145,0
0h 2m 19s,27461,43,13289,76140,0
0h 2m 19s,27459,46,13098,76145,0
0h 2m 19s,27468,47,16942,76143,0
0h 2m 19s,27468,48,17003,76143,0
0h 2m 19s,27468,49,17038,76143,0
0h 2m 19s,27460,33,13537,76138,0
0h 2m 19s,27468,50,17061,76144,0
0h 2m 19s,27468,51,17322,76145,0
0h 2m 19s,27467,64,16086,76143,0
0h 2m 19s,27461,44,13616,76142,0
0h 2m 19s,27459,47,13253,76145,0
0h 2m 19s,27461,45,13685,76143,0
0h 2m 19s,27459,48,13253,76145,0
0h 2m 19s,27459,49,13290,76145,0
0h 2m 20s,27460,34,13542,76138,0
0h 2m 20s,27468,52,17336,76145,0
0h 2m 20s,27460,35,13542,76138,0
0h 2m 20s,27467,65,16086,76143,0
0h 2m 20s,27460,36,13552,76138,0
0h 2m 20s,27460,37,13552,76138,0
0h 2m 20s,27459,50,13303,76145,0
0h 2m 20s,27461,46,13739,76143,0
0h 2m 20s,27468,53,17350,76145,0
0h 2m 20s,27467,66,16952,76144,0
0h 2m 20s,27460,38,13927,76138,0
0h 2m 20s,27459,51,13599,76146,0
0h 2m 20s,27461,47,14031,76144,0
0h 2m 20s,27460,39,13927,76138,0
0h 2m 20s,27468,54,17409,76146,0
0h 2m 21s,27461,48,14080,76144,0
0h 2m 21s,27459,52,15999,76147,0
0h 2m 21s,27461,49,14092,76144,0
0h 2m 21s,27459,53,16135,76147,0
0h 2m 21s,27459,54,16135,76147,0
0h 2m 22s,27461,50,14105,76144,0
0h 2m 22s,27461,51,14164,76145,0
0h 2m 22s,27460,40,16370,76139,0
0h 2m 22s,27461,52,14164,76145,0
0h 2m 22s,27460,41,16370,76139,0
0h 2m 22s,27468,55,17504,76147,0
0h 2m 23s,27461,53,14166,76145,0
0h 2m 23s,27460,42,16458,76140,0
0h 2m 23s,27461,54,16535,76146,0
0h 2m 23s,27459,55,16135,76147,0
0h 2m 23s,27459,56,16135,76147,0
0h 2m 23s,27459,57,16147,76148,0
0h 2m 23s,27459,58,16150,76148,0
0h 2m 23s,27460,43,16458,76140,0
0h 2m 24s,27468,56,17505,76147,0
0h 2m 24s,27460,44,16610,76142,0
0h 2m 24s,27468,57,17518,76148,0
0h 2m 24s,27460,45,16693,76145,0
0h 2m 24s,27460,46,16711,76145,0
0h 2m 25s,27461,55,16547,76147,0
0h 2m 25s,27468,58,17522,76148,0
0h 2m 25s,27460,47,16868,76145,0
0h 2m 25s,27467,67,16998,76144,0
0h 2m 25s,27467,68,16998,76144,0
0h 2m 25s,27459,59,16227,76149,0
0h 2m 25s,27460,48,16879,76145,0
0h 2m 25s,27460,49,16879,76145,0
0h 2m 26s,27467,69,16998,76144,0
0h 2m 26s,27461,56,16547,76147,0
0h 2m 26s,27460,50,16879,76145,0
0h 2m 26s,27460,51,16879,76145,0
0h 2m 26s,27461,57,17420,76148,0
0h 2m 26s,27468,59,17529,76148,0
0h 2m 26s,27461,58,17422,76148,0
0h 2m 27s,27459,60,17094,76150,0
0h 2m 27s,27460,52,17020,76146,0
0h 2m 27s,27460,53,17033,76146,0
0h 2m 27s,27459,61,17151,76150,0
0h 2m 27s,27460,54,17034,76146,0
0h 2m 27s,27459,62,17152,76151,0
0h 2m 28s,27459,63,17152,76151,0
0h 2m 28s,27467,70,17124,76145,0
0h 2m 28s,27461,59,17422,76148,0
0h 2m 28s,27460,55,17106,76146,0
0h 2m 28s,27467,71,17221,76146,0
0h 2m 28s,27467,72,17221,76146,0
0h 2m 29s,27459,64,17242,76152,0
0h 2m 29s,27459,65,17242,76152,0
0h 2m 29s,27468,60,17568,76148,0
0h 2m 29s,27460,56,17135,76146,0
0h 2m 29s,27460,57,17991,76147,0
0h 2m 29s,27459,66,17615,76153,0
0h 2m 30s,27459,67,17629,76153,0
0h 2m 30s,27460,58,18147,76148,0
0h 2m 30s,27467,73,17492,76150,0
0h 2m 30s,27468,61,17759,76149,0
0h 2m 30s,27460,59,18147,76148,0
0h 2m 30s,27468,62,17833,76149,0
0h 2m 30s,27459,68,17656,76153,0
0h 2m 30s,27461,60,18305,76149,0
0h 2m 30s,27468,63,17833,76149,0
0h 2m 30s,27461,61,18362,76149,0
0h 2m 31s,27461,62,18362,76149,0
0h 2m 31s,27461,63,18362,76149,0
0h 2m 31s,27461,64,18362,76149,0
0h 2m 31s,27468,64,17841,76149,0
0h 2m 31s,27468,65,17841,76149,0
0h 2m 31s,27462,36,11172,76140,0
0h 2m 31s,27468,66,18211,76150,0
0h 2m 31s,27462,37,12083,76141,0
0h 2m 32s,27461,65,18364,76149,0
0h 2m 32s,27462,38,12128,76141,0
0h 2m 32s,27462,39,12128,76141,0
0h 2m 32s,27468,67,18219,76150,0
0h 2m 32s,27461,66,18591,76151,0
0h 2m 32s,27462,40,12518,76142,0
0h 2m 32s,27461,67,18745,76151,0
0h 2m 32s,27462,41,12601,76143,0
0h 2m 32s,27468,68,18219,76150,0
0h 2m 33s,27461,68,18745,76151,0
0h 2m 33s,27468,69,18219,76150,0
0h 2m 33s,27462,42,12766,76145,0
0h 2m 33s,27460,60,18147,76148,0
0h 2m 33s,27461,69,18745,76151,0
0h 2m 33s,27462,43,12766,76145,0
0h 2m 34s,27462,44,12789,76146,0
0h 2m 34s,27460,61,18265,76148,0
0h 2m 34s,27460,62,18267,76148,0
0h 2m 34s,27462,45,12851,76149,0
0h 2m 34s,27462,46,12907,76149,0
0h 2m 34s,27460,63,18267,76148,0
0h 2m 34s,27461,70,18864,76152,0
0h 2m 34s,27462,47,13088,76149,0
0h 2m 34s,27462,48,13088,76149,0
0h 2m 35s,27459,69,17656,76153,0
0h 2m 35s,27467,74,17556,76150,0
0h 2m 35s,27461,71,18948,76152,0
0h 2m 35s,27467,75,17598,76152,0
0h 2m 35s,27460,64,18401,76149,0
0h 2m 35s,27462,49,13098,76149,0
0h 2m 35s,27461,72,19576,76152,0
0h 2m 35s,27462,50,13098,76149,0
0h 2m 35s,27462,51,13098,76149,0
0h 2m 35s,27460,65,18401,76149,0
0h 2m 35s,27467,76,17598,76152,0
0h 2m 35s,27460,66,18401,76149,0
0h 2m 35s,27460,67,18427,76149,0
0h 2m 36s,27461,73,19806,76154,0
0h 2m 36s,27462,52,13098,76149,0
0h 2m 36s,27467,77,17608,76152,0
0h 2m 36s,27461,74,19816,76154,0
0h 2m 36s,27460,68,18449,76149,0
0h 2m 36s,27462,53,14777,76150,0
0h 2m 36s,27462,54,14777,76150,0
0h 2m 36s,27468,70,18338,76151,0
0h 2m 36s,27461,75,19857,76156,0
0h 2m 36s,27467,78,17638,76152,0
0h 2m 37s,27467,79,17729,76154,0
0h 2m 37s,27468,71,18433,76152,0
0h 2m 37s,27467,80,17789,76155,0
0h 2m 37s,27460,69,18479,76150,0
0h 2m 37s,27467,81,17958,76155,0
0h 2m 37s,27461,76,20020,76156,0
0h 2m 37s,27462,55,15688,76152,0
0h 2m 37s,27467,82,18855,76155,0
0h 2m 37s,27468,72,18483,76152,0
0h 2m 37s,27460,70,18479,76150,0
0h 2m 37s,27462,56,15688,76152,0
0h 2m 38s,27461,77,20041,76156,0
0h 2m 38s,27461,78,20065,76156,0
0h 2m 38s,27462,57,15701,76153,0
0h 2m 38s,27461,79,20065,76156,0
0h 2m 38s,27459,70,17781,76154,0
0h 2m 38s,27460,71,18496,76150,0
0h 2m 38s,27467,83,18880,76157,0
0h 2m 38s,27459,71,17809,76154,0
0h 2m 39s,27467,84,18880,76157,0
0h 2m 39s,27459,72,18611,76154,0
0h 2m 39s,27461,80,20122,76157,0
0h 2m 39s,27462,58,15704,76153,0
0h 2m 39s,27460,72,18557,76150,0
0h 2m 39s,27467,85,18880,76157,0
0h 2m 40s,27467,86,18880,76157,0
0h 2m 40s,27462,59,15903,76154,0
0h 2m 41s,27460,73,18637,76152,0
0h 2m 41s,27461,81,20130,76157,0
0h 2m 41s,27460,74,18880,76153,0
0h 2m 42s,27467,87,18944,76158,0
0h 2m 42s,27461,82,20130,76157,0
0h 2m 42s,27467,88,18965,76159,0
0h 2m 42s,27468,73,18998,76156,0
0h 2m 42s,27461,83,20152,76157,0
0h 2m 42s,27461,84,20152,76157,0
0h 2m 43s,27459,73,18864,76157,0
0h 2m 43s,27459,74,18864,76157,0
0h 2m 43s,27467,89,18965,76159,0
0h 2m 43s,27461,85,20153,76157,0
0h 2m 43s,27459,75,18899,76158,0
0h 2m 43s,27461,86,20153,76157,0
0h 2m 43s,27467,90,18972,76159,0
0h 2m 43s,27465,36,12658,76139,0
0h 2m 43s,27461,87,20233,76158,0
0h 2m 43s,27462,60,16939,76159,0
0h 2m 44s,27461,88,20575,76159,0
0h 2m 44s,27465,37,13654,76142,0
0h 2m 44s,27459,76,19020,76158,0
0h 2m 44s,27461,89,20575,76159,0
0h 2m 44s,27462,61,16996,76159,0
0h 2m 44s,27462,62,17006,76159,0
0h 2m 44s,27465,38,13654,76142,0
0h 2m 44s,27467,91,19092,76159,0
0h 2m 44s,27462,63,17006,76159,0
0h 2m 44s,27465,39,14066,76142,0
0h 2m 44s,27461,90,20586,76159,0
0h 2m 44s,27467,92,19103,76159,0
0h 2m 44s,27459,77,19040,76158,0
0h 2m 45s,27467,93,19103,76159,0
0h 2m 45s,27462,64,17095,76160,0
0h 2m 45s,27467,94,19150,76159,0
0h 2m 45s,27461,91,20693,76159,0
0h 2m 45s,27462,65,17095,76160,0
0h 2m 45s,27461,92,20700,76159,0
0h 2m 45s,27459,78,19072,76159,0
0h 2m 46s,27467,95,20474,76160,0
0h 2m 46s,27459,79,19147,76161,0
0h 2m 46s,27461,93,20700,76159,0
0h 2m 46s,27462,66,17455,76161,0
0h 2m 46s,27461,94,20716,76159,0
0h 2m 46s,27467,96,20512,76160,0
0h 2m 46s,27459,80,19686,76163,0
0h 2m 46s,27465,40,14530,76145,0
0h 2m 46s,27461,95,22094,76160,0
0h 2m 46s,27462,67,18001,76163,0
0h 2m 47s,27459,81,19896,76163,0
0h 2m 47s,27461,96,22383,76161,0
0h 2m 47s,27460,75,18918,76154,0
0h 2m 47s,27467,97,20966,76162,0
0h 2m 47s,27465,41,15939,76147,0
0h 2m 47s,27460,76,18918,76154,0
0h 2m 47s,27459,82,19927,76163,0
0h 2m 47s,27468,74,19524,76157,0
0h 2m 47s,27462,68,18003,76163,0
0h 2m 47s,27460,77,18927,76154,0
0h 2m 47s,27465,42,16136,76148,0
0h 2m 47s,27459,83,19944,76163,0
0h 2m 47s,27459,84,19944,76163,0
0h 2m 48s,27462,69,18003,76163,0
0h 2m 48s,27465,43,16179,76148,0
0h 2m 48s,27468,75,19530,76158,0
0h 2m 48s,27460,78,18927,76154,0
0h 2m 48s,27468,76,19531,76158,0
0h 2m 48s,27465,44,16236,76149,0
0h 2m 48s,27459,85,19951,76163,0
0h 2m 48s,27462,70,18122,76164,0
0h 2m 48s,27460,79,18935,76155,0
0h 2m 48s,27465,45,17900,76151,0
0h 2m 48s,27459,86,19952,76163,0
0h 2m 48s,27460,80,18993,76156,0
0h 2m 48s,27460,81,18994,76156,0
0h 2m 49s,27468,77,19531,76158,0
0h 2m 49s,27462,71,18241,76164,0
0h 2m 49s,27465,46,18092,76151,0
0h 2m 49s,27465,47,18092,76151,0
0h 2m 49s,27460,82,18994,76156,0
0h 2m 49s,27462,72,18241,76164,0
0h 2m 49s,27465,48,18101,76151,0
0h 2m 49s,27459,87,20024,76163,0
0h 2m 49s,27468,78,19577,76159,0
0h 2m 49s,27459,88,20072,76163,0
0h 2m 49s,27468,79,19585,76160,0
0h 2m 49s,27468,80,19641,76161,0
0h 2m 49s,27460,83,19017,76157,0
0h 2m 50s,27465,49,18143,76151,0
0h 2m 50s,27465,50,18143,76151,0
0h 2m 50s,27468,81,19645,76161,0
0h 2m 50s,27468,82,19645,76161,0
0h 2m 50s,27462,73,18314,76166,0
0h 2m 50s,27459,89,20072,76163,0
0h 2m 50s,27465,51,18150,76151,0
0h 2m 50s,27465,52,18150,76151,0
0h 2m 50s,27460,84,19017,76157,0
0h 2m 50s,27468,83,19645,76161,0
0h 2m 50s,27460,85,19017,76157,0
0h 2m 50s,27468,84,19645,76161,0
0h 2m 50s,27465,53,18153,76151,0
0h 2m 51s,27465,54,18153,76151,0
0h 2m 51s,27468,85,19645,76161,0
0h 2m 51s,27459,90,20079,76163,0
0h 2m 51s,27460,86,19017,76157,0
0h 2m 51s,27468,86,19645,76161,0
0h 2m 51s,27468,87,19645,76161,0
0h 2m 51s,27468,88,19685,76161,0
0h 2m 51s,27468,89,19685,76161,0
0h 2m 51s,27468,90,19692,76161,0
0h 2m 51s,27460,87,19028,76157,0
0h 2m 52s,27468,91,19809,76161,0
0h 2m 52s,27460,88,19368,76159,0
0h 2m 52s,27460,89,19368,76159,0
0h 2m 52s,27468,92,19820,76161,0
0h 2m 52s,27460,90,19375,76159,0
0h 2m 52s,27468,93,19820,76161,0
0h 2m 52s,27468,94,19850,76161,0
0h 2m 53s,27459,91,20079,76163,0
0h 2m 53s,27465,55,18923,76151,0
0h 2m 53s,27468,95,21182,76162,0
0h 2m 53s,27468,96,21248,76163,0
0h 2m 53s,27459,92,20079,76163,0
0h 2m 53s,27459,93,20079,76163,0
0h 2m 53s,27459,94,20079,76163,0
0h 2m 53s,27461,97,22401,76162,0
0h 2m 53s,27467,98,20968,76162,0
0h 2m 54s,27460,91,19494,76160,0
0h 2m 54s,27465,56,18923,76151,0
0h 2m 54s,27468,97,21258,76163,0
0h 2m 54s,27468,98,21258,76163,0
0h 2m 54s,27465,57,18947,76152,0
0h 2m 54s,27467,99,20968,76162,0
0h 2m 54s,27461,98,22401,76162,0
0h 2m 54s,27459,95,21388,76164,0
0h 2m 54s,27467,100,20968,76162,0
0h 2m 54s,27460,92,19501,76160,0
0h 2m 54s,27460,93,19501,76160,0
0h 2m 54s,27460,94,19501,76160,0
0h 2m 54s,27467,101,20968,76162,0
0h 2m 54s,27459,96,21388,76164,0
0h 2m 54s,27461,99,22401,76162,0
0h 2m 54s,27460,95,20782,76161,0
0h 2m 55s,27465,58,19464,76153,0
0h 2m 55s,27460,96,21053,76162,0
0h 2m 55s,27468,99,21258,76163,0
0h 2m 55s,27465,59,19534,76154,0
0h 2m 55s,27462,74,18316,76166,0
0h 2m 55s,27462,75,18322,76167,0
0h 2m 55s,27467,102,20968,76162,0
0h 2m 55s,27461,100,22406,76162,0
0h 2m 55s,27462,76,18322,76167,0
0h 2m 55s,27467,103,20976,76163,0
0h 2m 55s,27467,104,21029,76164,0
0h 2m 55s,27468,100,21264,76163,0
0h 2m 55s,27461,101,22408,76162,0
0h 2m 55s,27462,77,18529,76168,0
0h 2m 55s,27467,105,21140,76166,0
0h 2m 55s,27465,60,20352,76155,0
0h 2m 55s,27465,61,20352,76155,0
0h 2m 55s,27467,106,21171,76166,0
0h 2m 56s,27465,62,20384,76156,0
0h 2m 56s,27461,102,22408,76162,0
0h 2m 56s,27467,107,21171,76166,0
0h 2m 56s,27468,101,21264,76163,0
0h 2m 56s,27467,108,21195,76166,0
0h 2m 56s,27467,109,21195,76166,0
0h 2m 56s,27465,63,20395,76157,0
0h 2m 56s,27467,110,21195,76166,0
0h 2m 56s,27462,78,18563,76168,0
0h 2m 56s,27460,97,21122,76163,0
0h 2m 56s,27461,103,22416,76162,0
0h 2m 56s,27459,97,21402,76164,0
0h 2m 56s,27462,79,18643,76169,0
0h 2m 56s,27461,104,22487,76163,0
0h 2m 56s,27465,64,20484,76159,0
0h 2m 56s,27465,65,20484,76159,0
0h 2m 56s,27461,105,22590,76164,0
0h 2m 57s,27467,111,21211,76166,0
0h 2m 57s,27462,80,18647,76169,0
0h 2m 57s,27462,81,18815,76169,0
0h 2m 57s,27460,98,21124,76163,0
0h 2m 57s,27468,102,21300,76164,0
0h 2m 57s,27468,103,21300,76164,0
0h 2m 57s,27465,66,20860,76161,0
0h 2m 57s,27461,106,22608,76164,0
0h 2m 57s,27467,112,21214,76166,0
0h 2m 57s,27459,98,21456,76165,0
0h 2m 57s,27467,113,21267,76166,0
0h 2m 57s,27461,107,22667,76165,0
0h 2m 57s,27462,82,18821,76169,0
0h 2m 57s,27467,114,21267,76166,0
0h 2m 57s,27465,67,20880,76161,0
0h 2m 57s,27459,99,21456,76165,0
0h 2m 57s,27468,104,21302,76164,0
0h 2m 57s,27468,105,21302,76164,0
0h 2m 57s,27465,68,20880,76161,0
0h 2m 57s,27462,83,18841,76169,0
0h 2m 57s,27459,100,21461,76165,0
0h 2m 57s,27467,115,21307,76167,0
0h 2m 58s,27459,101,21465,76165,0
0h 2m 58s,27460,99,21130,76163,0
0h 2m 58s,27468,106,21366,76164,0
0h 2m 58s,27460,100,21159,76163,0
0h 2m 58s,27461,108,22692,76165,0
0h 2m 58s,27462,84,18847,76169,0
0h 2m 58s,27459,102,21494,76165,0
0h 2m 58s,27459,103,21494,76165,0
0h 2m 58s,27465,69,20945,76161,0
0h 2m 58s,27459,104,21497,76165,0
0h 2m 58s,27462,85,19091,76170,0
0h 2m 58s,27468,107,21617,76165,0
0h 2m 58s,27459,105,21589,76166,0
0h 2m 58s,27468,108,21617,76165,0
0h 2m 59s,27459,106,21593,76166,0
0h 2m 59s,27462,86,19091,76170,0
0h 2m 59s,27460,101,21159,76163,0
0h 2m 59s,27461,109,22692,76165,0
0h 2m 59s,27468,109,21620,76165,0
0h 2m 59s,27460,102,21161,76163,0
0h 2m 59s,27459,107,21648,76167,0
0h 2m 59s,27468,110,21620,76165,0
0h 2m 59s,27459,108,21676,76167,0
0h 2m 59s,27461,110,22692,76165,0
0h 2m 59s,27461,111,22695,76165,0
0h 2m 59s,27462,87,19091,76170,0
0h 3m 0s,27461,112,22697,76165,0
0h 3m 0s,27459,109,21676,76167,0
0h 3m 0s,27468,111,21683,76166,0
0h 3m 0s,27459,110,21677,76167,0
0h 3m 0s,27461,113,22867,76165,0
0h 3m 0s,27462,88,19304,76171,0
0h 3m 0s,27468,112,21694,76166,0
0h 3m 0s,27468,113,21694,76166,0
0h 3m 0s,27461,114,22867,76165,0
0h 3m 0s,27459,111,21692,76167,0
0h 3m 0s,27460,103,21169,76163,0
0h 3m 0s,27467,116,21309,76167,0
0h 3m 0s,27467,117,21309,76167,0
0h 3m 0s,27465,70,21118,76163,0
0h 3m 1s,27462,89,19312,76171,0
0h 3m 1s,27467,118,21310,76167,0
0h 3m 1s,27465,71,21152,76163,0
0h 3m 1s,27461,115,22904,76166,0
0h 3m 1s,27468,114,21723,76166,0
0h 3m 1s,27461,116,22904,76166,0
0h 3m 1s,27468,115,21757,76166,0
0h 3m 1s,27465,72,21153,76163,0
0h 3m 1s,27459,112,21760,76168,0
0h 3m 1s,27467,119,21336,76167,0
0h 3m 1s,27462,90,19323,76171,0
0h 3m 2s,27460,104,21180,76163,0
0h 3m 2s,27459,113,21904,76169,0
0h 3m 2s,27461,117,22927,76166,0
0h 3m 2s,27467,120,21348,76169,0
0h 3m 2s,27467,121,21348,76169,0
0h 3m 2s,27468,116,21758,76166,0
0h 3m 2s,27465,73,21363,76164,0
0h 3m 2s,27462,91,19323,76171,0
0h 3m 2s,27459,114,22079,76169,0
0h 3m 2s,27461,118,22981,76166,0
0h 3m 2s,27460,105,21890,76165,0
0h 3m 2s,27465,74,21944,76165,0
0h 3m 2s,27465,75,21944,76165,0
0h 3m 2s,27460,106,21900,76165,0
0h 3m 2s,27459,115,22080,76169,0
0h 3m 2s,27467,122,21355,76169,0
0h 3m 2s,27461,119,22983,76166,0
0h 3m 3s,27465,76,21949,76165,0
0h 3m 3s,27462,92,19463,76172,0
0h 3m 3s,27461,120,23025,76167,0
0h 3m 3s,27467,123,21369,76169,0
0h 3m 3s,27460,107,22142,76166,0
0h 3m 3s,27461,121,23025,76167,0
0h 3m 3s,27468,117,21780,76166,0
0h 3m 3s,27459,116,22080,76169,0
0h 3m 3s,27461,122,23031,76167,0
0h 3m 3s,27460,108,22143,76166,0
0h 3m 3s,27467,124,21548,76170,0
0h 3m 3s,27462,93,19658,76172,0
0h 3m 3s,27462,94,19665,76172,0
0h 3m 3s,27465,77,21996,76165,0
0h 3m 3s,27461,123,23042,76167,0
0h 3m 3s,27461,124,23139,76167,0
0h 3m 3s,27468,118,21820,76166,0
0h 3m 3s,27460,109,22182,76166,0
0h 3m 3s,27468,119,21820,76166,0
0h 3m 3s,27468,120,21820,76166,0
0h 3m 3s,27459,117,22357,76170,0
0h 3m 3s,27462,95,20964,76173,0
0h 3m 3s,27460,110,22184,76166,0
0h 3m 3s,27467,125,21645,76170,0
0h 3m 3s,27461,125,23139,76167,0
0h 3m 3s,27462,96,21028,76174,0
0h 3m 3s,27459,118,22394,76171,0
0h 3m 4s,27460,111,22196,76166,0
0h 3m 4s,27465,78,22098,76167,0
0h 3m 4s,27467,126,21690,76171,0
0h 3m 4s,27468,121,21822,76166,0
0h 3m 4s,27460,112,22242,76167,0
0h 3m 4s,27460,113,22329,76168,0
0h 3m 4s,27468,122,21825,76166,0
0h 3m 4s,27461,126,23184,76167,0
0h 3m 4s,27459,119,22431,76171,0
0h 3m 4s,27460,114,22371,76168,0
0h 3m 4s,27459,120,22433,76171,0
0h 3m 4s,27465,79,22100,76167,0
0h 3m 4s,27468,123,21834,76166,0
0h 3m 4s,27462,97,21031,76174,0
0h 3m 4s,27467,127,21741,76171,0
0h 3m 4s,27461,127,23218,76167,0
0h 3m 5s,27459,121,22452,76171,0
0h 3m 5s,27465,80,22214,76167,0
0h 3m 5s,27459,122,22456,76171,0
0h 3m 5s,27460,115,22409,76169,0
0h 3m 5s,27468,124,21975,76167,0
0h 3m 5s,27461,128,23218,76167,0
0h 3m 5s,27468,125,22072,76167,0
0h 3m 5s,27460,116,22409,76169,0
0h 3m 5s,27461,129,23284,76167,0
0h 3m 5s,27465,81,22217,76167,0
0h 3m 5s,27468,126,22117,76168,0
0h 3m 5s,27460,117,22409,76169,0
0h 3m 5s,27461,130,23284,76167,0
0h 3m 5s,27459,123,22466,76171,0
0h 3m 5s,27460,118,22590,76169,0
0h 3m 5s,27468,127,22151,76168,0
0h 3m 5s,27467,128,21790,76171,0
0h 3m 5s,27459,124,22627,76171,0
0h 3m 6s,27465,82,22374,76168,0
0h 3m 6s,27461,131,23378,76167,0
0h 3m 6s,27467,129,21881,76171,0
0h 3m 6s,27460,119,22676,76169,0
0h 3m 6s,27461,132,23378,76167,0
0h 3m 6s,27459,125,22627,76171,0
0h 3m 6s,27468,128,22324,76168,0
0h 3m 6s,27465,83,22449,76169,0
0h 3m 6s,27460,120,22678,76169,0
0h 3m 6s,27468,129,22335,76168,0
0h 3m 7s,27459,126,22627,76171,0
0h 3m 7s,27461,133,23515,76168,0
0h 3m 7s,27459,127,22629,76171,0
0h 3m 7s,27460,121,22810,76170,0
0h 3m 7s,27467,130,21883,76171,0
0h 3m 7s,27460,122,22810,76170,0
0h 3m 7s,27461,134,23531,76168,0
0h 3m 7s,27465,84,22639,76170,0
0h 3m 7s,27460,123,22814,76170,0
0h 3m 7s,27461,135,23568,76168,0
0h 3m 7s,27468,130,22335,76168,0
0h 3m 7s,27459,128,22629,76171,0
0h 3m 7s,27468,131,22361,76168,0
0h 3m 7s,27465,85,22662,76170,0
0h 3m 7s,27467,131,21952,76171,0
0h 3m 7s,27460,124,23033,76171,0
0h 3m 7s,27465,86,22662,76170,0
0h 3m 8s,27468,132,22362,76168,0
0h 3m 8s,27459,129,22661,76171,0
0h 3m 8s,27459,130,22661,76171,0
0h 3m 8s,27461,136,23568,76168,0
0h 3m 8s,27467,132,21952,76171,0
0h 3m 8s,27460,125,23162,76172,0
0h 3m 8s,27459,131,22661,76171,0
0h 3m 8s,27467,133,22087,76172,0
0h 3m 8s,27460,126,23162,76172,0
0h 3m 8s,27459,132,22661,76171,0
0h 3m 8s,27465,87,22700,76170,0
0h 3m 8s,27461,137,23568,76168,0
0h 3m 9s,27460,127,23170,76172,0
0h 3m 9s,27467,134,22106,76172,0
0h 3m 9s,27468,133,22499,76169,0
0h 3m 9s,27465,88,22749,76170,0
0h 3m 9s,27460,128,23170,76172,0
0h 3m 9s,27461,138,23568,76168,0
0h 3m 9s,27468,134,22499,76169,0
0h 3m 9s,27461,139,23568,76168,0
0h 3m 9s,27459,133,22800,76172,0
0h 3m 9s,27467,135,22106,76172,0
0h 3m 9s,27465,89,22749,76170,0
0h 3m 9s,27459,134,22800,76172,0
0h 3m 9s,27468,135,22506,76169,0
0h 3m 9s,27460,129,23176,76172,0
0h 3m 9s,27467,136,22106,76172,0
0h 3m 9s,27465,90,22750,76170,0
0h 3m 9s,27461,140,23569,76168,0
0h 3m 9s,27459,135,22918,76172,0
0h 3m 10s,27461,141,23603,76168,0
0h 3m 10s,27468,136,22506,76169,0
0h 3m 10s,27468,137,22506,76169,0
0h 3m 10s,27461,142,23650,76169,0
0h 3m 10s,27468,138,22595,76170,0
0h 3m 10s,27461,143,23718,76169,0
0h 3m 10s,27460,130,23176,76172,0
0h 3m 10s,27468,139,22595,76170,0
0h 3m 10s,27461,144,23718,76169,0
0h 3m 10s,27460,131,23185,76172,0
0h 3m 10s,27468,140,22596,76170,0
0h 3m 10s,27462,98,21134,76176,0
0h 3m 10s,27459,136,23007,76173,0
0h 3m 10s,27467,137,22106,76172,0
0h 3m 10s,27468,141,22597,76170,0
0h 3m 11s,27467,138,22106,76172,0
0h 3m 11s,27460,132,23186,76172,0
0h 3m 11s,27459,137,23007,76173,0
0h 3m 11s,27467,139,22106,76172,0
0h 3m 11s,27467,140,22106,76172,0
0h 3m 11s,27468,142,22615,76171,0
0h 3m 11s,27462,99,21134,76176,0
0h 3m 11s,27468,143,22615,76171,0
0h 3m 11s,27461,145,23718,76169,0
0h 3m 11s,27459,138,23024,76174,0
0h 3m 11s,27465,91,22751,76170,0
0h 3m 11s,27467,141,22107,76172,0
0h 3m 11s,27468,144,22616,76171,0
0h 3m 11s,27459,139,23029,76174,0
0h 3m 11s,27461,146,23718,76169,0
0h 3m 11s,27468,145,22616,76171,0
0h 3m 11s,27462,100,21141,76176,0
0h 3m 11s,27462,101,21141,76176,0
0h 3m 11s,27468,146,22616,76171,0
0h 3m 11s,27462,102,21142,76176,0
0h 3m 11s,27467,142,22148,76173,0
0h 3m 11s,27462,103,21142,76176,0
0h 3m 11s,27461,147,23720,76169,0
0h 3m 12s,27459,140,23031,76174,0
0h 3m 12s,27467,143,22215,76174,0
0h 3m 12s,27465,92,22848,76171,0
0h 3m 12s,27461,148,23744,76169,0
0h 3m 12s,27467,144,22215,76174,0
0h 3m 12s,27468,147,22645,76171,0
0h 3m 12s,27465,93,22848,76171,0
0h 3m 12s,27462,104,21165,76176,0
0h 3m 12s,27459,141,23033,76174,0
0h 3m 12s,27461,149,23793,76170,0
0h 3m 12s,27462,105,21172,76176,0
0h 3m 12s,27462,106,21180,76176,0
0h 3m 12s,27465,94,22856,76171,0
0h 3m 12s,27459,142,23041,76174,0
0h 3m 12s,27468,148,22645,76171,0
0h 3m 12s,27467,145,22350,76174,0
0h 3m 12s,27459,143,23041,76174,0
0h 3m 13s,27461,150,23794,76170,0
0h 3m 13s,27460,133,23239,76173,0
0h 3m 13s,27462,107,21194,76176,0
0h 3m 13s,27467,146,22351,76174,0
0h 3m 13s,27459,144,23043,76174,0
0h 3m 13s,27468,149,22673,76171,0
0h 3m 13s,27465,95,22913,76171,0
0h 3m 13s,27468,150,22673,76171,0
0h 3m 13s,27462,108,21201,76176,0
0h 3m 13s,27461,151,23796,76170,0
0h 3m 13s,27459,145,23075,76174,0
0h 3m 13s,27460,134,23279,76173,0
0h 3m 13s,27465,96,22984,76171,0
0h 3m 14s,27462,109,21430,76176,0
0h 3m 14s,27467,147,22440,76174,0
0h 3m 14s,27460,135,23279,76173,0
0h 3m 14s,27459,146,23123,76174,0
0h 3m 14s,27461,152,23881,76170,0
0h 3m 14s,27461,153,23881,76170,0
0h 3m 14s,27468,151,22690,76171,0
0h 3m 14s,27462,110,21430,76176,0
0h 3m 14s,27459,147,23125,76174,0
0h 3m 14s,27467,148,22440,76174,0
0h 3m 14s,27467,149,22446,76174,0
0h 3m 14s,27467,150,22450,76174,0
0h 3m 14s,27460,136,23287,76173,0
0h 3m 14s,27459,148,23164,76174,0
0h 3m 14s,27468,152,22770,76171,0
0h 3m 14s,27462,111,21483,76176,0
0h 3m 14s,27461,154,23899,76170,0
0h 3m 14s,27468,153,22786,76171,0
0h 3m 14s,27465,97,23060,76171,0
0h 3m 15s,27459,149,23185,76174,0
0h 3m 15s,27462,112,21511,76177,0
0h 3m 15s,27467,151,22463,76174,0
0h 3m 15s,27465,98,23060,76171,0
0h 3m 15s,27468,154,22786,76171,0
0h 3m 15s,27462,113,21560,76177,0
0h 3m 15s,27468,155,22786,76171,0
0h 3m 15s,27459,150,23185,76174,0
0h 3m 15s,27467,152,22465,76174,0
0h 3m 15s,27460,137,23303,76173,0
0h 3m 15s,27460,138,23312,76173,0
0h 3m 15s,27468,156,22801,76171,0
0h 3m 16s,27465,99,23151,76172,0
0h 3m 16s,27462,114,21560,76177,0
0h 3m 16s,27467,153,22492,76174,0
0h 3m 16s,27461,155,23899,76170,0
0h 3m 16s,27461,156,23907,76170,0
0h 3m 16s,27462,115,21594,76178,0
0h 3m 16s,27460,139,23350,76173,0
0h 3m 16s,27468,157,22838,76171,0
0h 3m 16s,27467,154,22494,76174,0
0h 3m 16s,27461,157,23926,76170,0
0h 3m 16s,27468,158,22838,76171,0
0h 3m 16s,27465,100,23160,76172,0
0h 3m 16s,27467,155,22494,76174,0
0h 3m 16s,27460,140,23356,76173,0
0h 3m 16s,27467,156,22494,76174,0
0h 3m 16s,27465,101,23160,76172,0
0h 3m 17s,27468,159,22891,76172,0
0h 3m 17s,27460,141,23356,76173,0
0h 3m 17s,27467,157,22507,76174,0
0h 3m 17s,27468,160,22891,76172,0
0h 3m 17s,27461,158,23926,76170,0
0h 3m 17s,27467,158,22507,76174,0
0h 3m 17s,27465,102,23160,76172,0
0h 3m 17s,27461,159,23979,76171,0
0h 3m 17s,27468,161,22893,76172,0
0h 3m 17s,27465,103,23286,76173,0
0h 3m 17s,27460,142,23395,76175,0
0h 3m 17s,27465,104,23286,76173,0
0h 3m 17s,27468,162,22893,76172,0
0h 3m 17s,27460,143,23457,76175,0
0h 3m 17s,27468,163,22989,76173,0
0h 3m 17s,27461,160,23981,76172,0
0h 3m 18s,27461,161,23981,76172,0
0h 3m 18s,27467,159,22558,76174,0
0h 3m 18s,27465,105,23379,76174,0
0h 3m 18s,27460,144,23461,76175,0
0h 3m 18s,27462,116,21627,76178,0
0h 3m 18s,27461,162,23981,76172,0
0h 3m 18s,27467,160,22559,76174,0
0h 3m 18s,27462,117,21627,76178,0
0h 3m 18s,27460,145,23461,76175,0
0h 3m 18s,27467,161,22559,76174,0
0h 3m 18s,27460,146,23461,76175,0
0h 3m 18s,27461,163,23983,76172,0
0h 3m 18s,27465,106,23389,76174,0
0h 3m 18s,27462,118,21833,76178,0
0h 3m 18s,27460,147,23461,76175,0
0h 3m 18s,27462,119,21833,76178,0
0h 3m 18s,27467,162,22559,76174,0
0h 3m 19s,27460,148,23463,76175,0
0h 3m 19s,27461,164,23983,76172,0
0h 3m 19s,27460,149,23485,76175,0
0h 3m 19s,27467,163,22599,76174,0
0h 3m 19s,27465,107,23423,76174,0
0h 3m 19s,27460,150,23485,76175,0
0h 3m 19s,27467,164,22599,76174,0
0h 3m 19s,27462,120,21837,76179,0
0h 3m 19s,27460,151,23485,76175,0
0h 3m 19s,27460,152,23485,76175,0
0h 3m 19s,27462,121,21837,76179,0
0h 3m 19s,27467,165,22744,76175,0
0h 3m 20s,27465,108,23567,76175,0
0h 3m 20s,27467,166,22744,76175,0
0h 3m 20s,27461,165,24126,76173,0
0h 3m 20s,27462,122,21840,76179,0
0h 3m 20s,27460,153,23497,76175,0
0h 3m 20s,27460,154,23497,76175,0
0h 3m 20s,27459,151,23185,76174,0
0h 3m 20s,27460,155,23497,76175,0
0h 3m 20s,27467,167,22760,76176,0
0h 3m 20s,27461,166,24141,76173,0
0h 3m 20s,27461,167,24141,76173,0
0h 3m 20s,27465,109,24067,76175,0
0h 3m 20s,27462,123,21896,76179,0
0h 3m 20s,27462,124,21897,76179,0
0h 3m 20s,27459,152,23189,76174,0
0h 3m 20s,27467,168,23102,76176,0
0h 3m 21s,27461,168,24468,76173,0
0h 3m 21s,27460,156,23556,76175,0
0h 3m 21s,27465,110,24067,76175,0
0h 3m 21s,27462,125,21995,76179,0
0h 3m 21s,27459,153,23189,76174,0
0h 3m 21s,27465,111,24067,76175,0
0h 3m 21s,27462,126,21995,76179,0
0h 3m 21s,27461,169,24468,76173,0
0h 3m 21s,27460,157,23571,76175,0
0h 3m 21s,27461,170,24468,76173,0
0h 3m 21s,27459,154,23191,76174,0
0h 3m 21s,27465,112,24084,76175,0
0h 3m 22s,27461,171,24468,76173,0
0h 3m 22s,27462,127,22029,76179,0
0h 3m 22s,27460,158,23571,76175,0
0h 3m 22s,27465,113,24209,76175,0
0h 3m 22s,27467,169,23102,76176,0
0h 3m 22s,27459,155,23191,76174,0
0h 3m 22s,27465,114,24210,76175,0
0h 3m 22s,27459,156,23191,76174,0
0h 3m 22s,27460,159,23624,76176,0
0h 3m 22s,27459,157,23217,76174,0
0h 3m 22s,27467,170,23103,76176,0
0h 3m 22s,27465,115,24210,76175,0
0h 3m 22s,27462,128,22029,76179,0
0h 3m 23s,27459,158,23217,76174,0
0h 3m 23s,27461,172,24468,76173,0
0h 3m 23s,27462,129,22123,76179,0
0h 3m 23s,27460,160,23624,76176,0
0h 3m 23s,27467,171,23297,76177,0
0h 3m 23s,27461,173,24502,76173,0
0h 3m 23s,27459,159,23298,76175,0
0h 3m 23s,27460,161,23673,76176,0
0h 3m 23s,27468,164,23004,76173,0
0h 3m 23s,27461,174,24503,76173,0
0h 3m 24s,27460,162,23673,76176,0
0h 3m 24s,27462,130,22126,76179,0
0h 3m 24s,27460,163,23673,76176,0
0h 3m 24s,27468,165,23145,76174,0
0h 3m 24s,27459,160,23346,76175,0
0h 3m 24s,27461,175,24504,76173,0
0h 3m 24s,27467,172,23297,76177,0
0h 3m 24s,27459,161,23346,76175,0
0h 3m 24s,27460,164,23674,76176,0
0h 3m 24s,27467,173,23331,76177,0
0h 3m 24s,27465,116,24210,76175,0
0h 3m 24s,27461,176,24504,76173,0
0h 3m 24s,27462,131,22235,76179,0
0h 3m 24s,27459,162,23432,76175,0
0h 3m 24s,27468,166,23145,76174,0
0h 3m 24s,27468,167,23145,76174,0
0h 3m 24s,27465,117,24210,76175,0
0h 3m 24s,27468,168,23145,76174,0
0h 3m 24s,27465,118,24210,76175,0
0h 3m 24s,27465,119,24210,76175,0
0h 3m 24s,27462,132,22239,76179,0
0h 3m 25s,27460,165,23818,76177,0
0h 3m 25s,27459,163,23439,76175,0
0h 3m 25s,27461,177,24508,76173,0
0h 3m 25s,27465,120,24214,76175,0
0h 3m 25s,27468,169,23148,76174,0
0h 3m 25s,27459,164,23441,76175,0
0h 3m 25s,27460,166,23819,76177,0
0h 3m 25s,27465,121,24214,76175,0
0h 3m 25s,27468,170,23150,76174,0
0h 3m 25s,27467,174,23332,76177,0
0h 3m 26s,27467,175,23336,76177,0
0h 3m 26s,27465,122,24218,76175,0
0h 3m 26s,27468,171,23162,76174,0
0h 3m 26s,27461,178,24508,76173,0
0h 3m 26s,27460,167,23824,76178,0
0h 3m 26s,27462,133,22366,76179,0
0h 3m 26s,27462,134,22366,76179,0
0h 3m 26s,27461,179,24508,76173,0
0h 3m 26s,27467,176,23336,76177,0
0h 3m 26s,27467,177,23340,76177,0
0h 3m 26s,27465,123,24223,76175,0
0h 3m 26s,27462,135,22366,76179,0
0h 3m 26s,27460,168,23824,76178,0
0h 3m 26s,27465,124,24225,76175,0
0h 3m 26s,27468,172,23162,76174,0
0h 3m 27s,27465,125,24239,76175,0
0h 3m 27s,27460,169,23824,76178,0
0h 3m 27s,27468,173,23196,76174,0
0h 3m 27s,27462,136,22366,76179,0
0h 3m 27s,27460,170,23825,76178,0
0h 3m 27s,27461,180,24508,76173,0
0h 3m 27s,27459,165,23539,76176,0
0h 3m 27s,27459,166,23539,76176,0
0h 3m 27s,27465,126,24346,76176,0
0h 3m 27s,27461,181,24587,76173,0
0h 3m 28s,27465,127,24354,76176,0
0h 3m 28s,27467,178,23340,76177,0
0h 3m 28s,27462,137,22366,76179,0
0h 3m 28s,27459,167,23625,76176,0
0h 3m 28s,27462,138,22366,76179,0
0h 3m 28s,27468,174,23196,76174,0
0h 3m 28s,27461,182,24587,76173,0
0h 3m 28s,27460,171,23825,76178,0
0h 3m 28s,27459,168,23625,76176,0
0h 3m 28s,27465,128,24354,76176,0
0h 3m 28s,27467,179,23341,76177,0
0h 3m 28s,27465,129,24358,76176,0
0h 3m 28s,27462,139,22370,76179,0
0h 3m 29s,27468,175,23198,76174,0
0h 3m 29s,27461,183,24591,76173,0
0h 3m 29s,27467,180,23341,76177,0
0h 3m 29s,27465,130,24358,76176,0
0h 3m 29s,27460,172,23874,76178,0
0h 3m 29s,27462,140,22462,76179,0
0h 3m 29s,27467,181,23424,76177,0
0h 3m 29s,27460,173,23874,76178,0
0h 3m 29s,27468,176,23298,76174,0
0h 3m 29s,27459,169,23625,76176,0
0h 3m 29s,27468,177,23302,76174,0
0h 3m 29s,27465,131,24358,76176,0
0h 3m 30s,27465,132,24365,76177,0
0h 3m 30s,27460,174,23874,76178,0
0h 3m 30s,27467,182,23424,76177,0
0h 3m 30s,27462,141,22496,76179,0
0h 3m 30s,27459,170,23632,76176,0
0h 3m 30s,27467,183,23424,76177,0
0h 3m 30s,27462,142,22497,76179,0
0h 3m 30s,27460,175,23883,76178,0
0h 3m 30s,27461,184,24699,76173,0
0h 3m 31s,27459,171,23632,76176,0
0h 3m 31s,27460,176,23883,76178,0
0h 3m 31s,27465,133,24381,76178,0
0h 3m 31s,27461,185,24700,76174,0
0h 3m 31s,27460,177,23887,76178,0
0h 3m 31s,27460,178,23887,76178,0
0h 3m 31s,27465,134,24399,76178,0
0h 3m 31s,27468,178,23302,76174,0
0h 3m 31s,27462,143,22503,76180,0
0h 3m 31s,27465,135,24478,76178,0
0h 3m 31s,27460,179,23888,76178,0
0h 3m 32s,27462,144,22506,76180,0
0h 3m 32s,27468,179,23302,76174,0
0h 3m 32s,27462,145,22506,76180,0
0h 3m 32s,27467,184,23550,76177,0
0h 3m 32s,27459,172,23692,76176,0
0h 3m 32s,27468,180,23302,76174,0
0h 3m 32s,27460,180,23888,76178,0
0h 3m 32s,27460,181,23888,76178,0
0h 3m 32s,27459,173,23692,76176,0
0h 3m 32s,27465,136,24574,76178,0
0h 3m 32s,27462,146,22507,76180,0
0h 3m 32s,27460,182,23888,76178,0
0h 3m 33s,27468,181,23424,76175,0
0h 3m 33s,27462,147,22509,76180,0
0h 3m 33s,27460,183,23893,76178,0
0h 3m 33s,27465,137,24574,76178,0
0h 3m 33s,27468,182,23424,76175,0
0h 3m 33s,27465,138,24575,76178,0
0h 3m 33s,27460,184,23982,76178,0
0h 3m 33s,27465,139,24580,76178,0
0h 3m 33s,27461,186,24798,76174,0
0h 3m 33s,27467,185,23593,76177,0
0h 3m 33s,27462,148,22509,76180,0
0h 3m 33s,27468,183,23424,76175,0
0h 3m 33s,27461,187,24839,76175,0
0h 3m 34s,27459,174,23692,76176,0
0h 3m 34s,27459,175,23692,76176,0
0h 3m 34s,27460,185,23982,76178,0
0h 3m 34s,27461,188,24930,76176,0
0h 3m 34s,27465,140,24648,76178,0
0h 3m 34s,27462,149,22512,76180,0
0h 3m 34s,27459,176,23692,76176,0
0h 3m 34s,27465,141,24648,76178,0
0h 3m 34s,27462,150,22556,76180,0
0h 3m 34s,27459,177,23699,76176,0
0h 3m 34s,27461,189,24936,76176,0
0h 3m 34s,27461,190,24938,76176,0
0h 3m 34s,27462,151,22556,76180,0
0h 3m 34s,27465,142,24648,76178,0
0h 3m 35s,27462,152,22592,76180,0
0h 3m 35s,27462,153,22592,76180,0
0h 3m 35s,27465,143,24650,76178,0
0h 3m 35s,27461,191,24942,76176,0
0h 3m 35s,27461,192,24942,76176,0
0h 3m 35s,27465,144,24651,76178,0
0h 3m 35s,27461,193,25214,76177,0
0h 3m 35s,27465,145,24651,76178,0
0h 3m 35s,27462,154,22893,76181,0
0h 3m 35s,27465,146,24654,76178,0
0h 3m 35s,27461,194,25219,76177,0
0h 3m 36s,27459,178,23727,76176,0
0h 3m 36s,27459,179,23731,76176,0
0h 3m 36s,27465,147,24654,76178,0
0h 3m 36s,27460,186,24068,76178,0
0h 3m 36s,27461,195,25219,76177,0
0h 3m 36s,27461,196,25219,76177,0
0h 3m 36s,27467,186,23680,76178,0
0h 3m 36s,27468,184,23454,76175,0
0h 3m 36s,27461,197,25227,76177,0
0h 3m 36s,27465,148,24768,76178,0
0h 3m 36s,27461,198,25227,76177,0
0h 3m 36s,27467,187,23690,76178,0
0h 3m 36s,27460,187,24110,76179,0
0h 3m 36s,27465,149,24768,76178,0
0h 3m 36s,27461,199,25227,76177,0
0h 3m 37s,27461,200,25227,76177,0
0h 3m 37s,27459,180,23731,76176,0
0h 3m 37s,27462,155,22893,76181,0
0h 3m 37s,27459,181,23736,76176,0
0h 3m 37s,27461,201,25227,76177,0
0h 3m 37s,27462,156,22994,76182,0
0h 3m 37s,27465,150,24769,76178,0
0h 3m 37s,27461,202,25234,76177,0
0h 3m 37s,27459,182,23917,76177,0
0h 3m 37s,27468,185,23454,76175,0
0h 3m 37s,27462,157,23083,76183,0
0h 3m 38s,27461,203,25234,76177,0
0h 3m 38s,27459,183,23923,76178,0
0h 3m 38s,27461,204,25237,76177,0
0h 3m 38s,27462,158,23105,76183,0
0h 3m 38s,27461,205,25237,76177,0
0h 3m 39s,27462,159,23117,76183,0
0h 3m 39s,27465,151,24769,76178,0
0h 3m 39s,27467,188,23769,76179,0
0h 3m 39s,27461,206,25253,76177,0
0h 3m 39s,27462,160,23133,76183,0
0h 3m 39s,27467,189,23781,76179,0
0h 3m 39s,27459,184,23936,76178,0
0h 3m 39s,27459,185,23936,76178,0
0h 3m 39s,27467,190,23791,76179,0
0h 3m 40s,27465,152,24793,76178,0
0h 3m 40s,27468,186,23511,76175,0
0h 3m 40s,27468,187,23521,76175,0
0h 3m 40s,27461,207,25269,76177,0
0h 3m 40s,27460,188,24210,76180,0
0h 3m 40s,27462,161,23147,76183,0
0h 3m 40s,27460,189,24219,76180,0
0h 3m 40s,27465,153,24793,76178,0
0h 3m 40s,27461,208,25269,76177,0
0h 3m 40s,27467,191,23794,76179,0
0h 3m 40s,27460,190,24228,76180,0
0h 3m 40s,27462,162,23147,76183,0
0h 3m 40s,27465,154,24803,76178,0
0h 3m 40s,27467,192,23820,76179,0
0h 3m 41s,27461,209,25283,76177,0
0h 3m 41s,27462,163,23396,76183,0
0h 3m 41s,27461,210,25284,76177,0
0h 3m 41s,27462,164,23396,76183,0
0h 3m 41s,27460,191,24300,76180,0
0h 3m 41s,27467,193,24172,76179,0
0h 3m 41s,27459,186,24215,76179,0
0h 3m 41s,27460,192,24304,76180,0
0h 3m 41s,27459,187,24257,76179,0
0h 3m 42s,27460,193,24577,76180,0
0h 3m 42s,27467,194,24175,76179,0
0h 3m 42s,27468,188,23616,76177,0
0h 3m 42s,27468,189,23617,76177,0
0h 3m 42s,27460,194,24580,76180,0
0h 3m 42s,27460,195,24580,76180,0
0h 3m 42s,27465,155,25076,76179,0
0h 3m 42s,27461,211,25342,76177,0
0h 3m 42s,27468,190,23622,76177,0
0h 3m 43s,27461,212,25342,76177,0
0h 3m 43s,27465,156,25080,76179,0
0h 3m 43s,27460,196,24614,76180,0
0h 3m 43s,27461,213,25342,76177,0
0h 3m 43s,27462,165,23518,76184,0
0h 3m 43s,27468,191,23630,76177,0
0h 3m 43s,27467,195,24175,76179,0
0h 3m 43s,27467,196,24175,76179,0
0h 3m 43s,27465,157,25165,76179,0
0h 3m 43s,27467,197,24175,76179,0
0h 3m 43s,27461,214,25398,76177,0
0h 3m 43s,27468,192,23684,76177,0
0h 3m 43s,27462,166,23522,76184,0
0h 3m 44s,27460,197,24622,76180,0
0h 3m 44s,27462,167,23522,76184,0
0h 3m 44s,27462,168,23528,76184,0
0h 3m 44s,27468,193,23962,76177,0
0h 3m 44s,27461,215,25404,76177,0
0h 3m 44s,27461,216,25404,76177,0
0h 3m 44s,27467,198,24225,76180,0
0h 3m 44s,27461,217,25404,76177,0
0h 3m 44s,27468,194,23970,76177,0
0h 3m 44s,27468,195,23970,76177,0
0h 3m 44s,27461,218,25404,76177,0
0h 3m 44s,27460,198,24633,76180,0
0h 3m 44s,27465,158,25165,76179,0
0h 3m 44s,27461,219,25461,76177,0
0h 3m 44s,27467,199,24225,76180,0
0h 3m 45s,27462,169,23528,76184,0
0h 3m 45s,27468,196,23970,76177,0
0h 3m 45s,27460,199,24633,76180,0
0h 3m 45s,27461,220,25463,76177,0
0h 3m 45s,27468,197,23970,76177,0
0h 3m 45s,27465,159,25165,76179,0
0h 3m 45s,27461,221,25466,76177,0
0h 3m 45s,27465,160,25165,76179,0
0h 3m 45s,27467,200,24235,76181,0
0h 3m 45s,27461,222,25480,76177,0
0h 3m 45s,27459,188,24283,76180,0
0h 3m 45s,27468,198,23986,76177,0
0h 3m 45s,27460,200,24633,76180,0
0h 3m 45s,27465,161,25172,76179,0
0h 3m 45s,27462,170,23531,76184,0
0h 3m 45s,27459,189,24286,76180,0
0h 3m 45s,27461,223,25481,76177,0
0h 3m 45s,27462,171,23531,76184,0
0h 3m 45s,27468,199,23986,76177,0
0h 3m 45s,27467,201,24235,76181,0
0h 3m 46s,27465,162,25172,76179,0
0h 3m 46s,27465,163,25172,76179,0
0h 3m 46s,27462,172,23531,76184,0
0h 3m 46s,27459,190,24290,76180,0
0h 3m 46s,27468,200,23986,76177,0
0h 3m 46s,27459,191,24291,76180,0
0h 3m 46s,27461,224,25534,76178,0
0h 3m 46s,27465,164,25208,76179,0
0h 3m 46s,27467,202,24235,76181,0
0h 3m 46s,27462,173,23531,76184,0
0h 3m 46s,27467,203,24235,76181,0
0h 3m 46s,27467,204,24269,76181,0
0h 3m 46s,27461,225,25542,76178,0
0h 3m 46s,27460,201,24666,76180,0
0h 3m 47s,27459,192,24336,76181,0
0h 3m 47s,27462,174,23531,76184,0
0h 3m 47s,27468,201,23986,76177,0
0h 3m 47s,27468,202,23988,76177,0
0h 3m 47s,27467,205,24277,76181,0
0h 3m 47s,27461,226,25545,76178,0
0h 3m 47s,27460,202,24666,76180,0
0h 3m 47s,27462,175,23543,76184,0
0h 3m 47s,27459,193,24337,76181,0
0h 3m 47s,27468,203,23988,76177,0
0h 3m 47s,27461,227,25618,76179,0
0h 3m 47s,27467,206,24292,76181,0
0h 3m 47s,27462,176,23567,76184,0
0h 3m 47s,27467,207,24301,76181,0
0h 3m 47s,27460,203,24666,76180,0
0h 3m 48s,27460,204,24697,76181,0
0h 3m 48s,27460,205,24697,76181,0
0h 3m 48s,27461,228,25618,76179,0
0h 3m 48s,27468,204,24019,76177,0
0h 3m 48s,27459,194,24340,76181,0
0h 3m 48s,27461,229,25618,76179,0
0h 3m 48s,27462,177,23567,76184,0
0h 3m 48s,27465,165,25217,76179,0
0h 3m 48s,27467,208,24301,76181,0
0h 3m 48s,27465,166,25217,76179,0
0h 3m 48s,27460,206,24713,76181,0
0h 3m 48s,27460,207,24713,76181,0
0h 3m 48s,27461,230,25618,76179,0
0h 3m 48s,27460,208,24713,76181,0
0h 3m 48s,27467,209,24301,76181,0
0h 3m 48s,27468,205,24022,76177,0
0h 3m 49s,27465,167,25223,76179,0
0h 3m 49s,27461,231,25623,76179,0
0h 3m 49s,27468,206,24037,76177,0
0h 3m 49s,27465,168,25223,76179,0
0h 3m 49s,27459,195,24363,76181,0
0h 3m 49s,27460,209,24728,76181,0
0h 3m 49s,27468,207,24038,76177,0
0h 3m 49s,27460,210,24728,76181,0
0h 3m 49s,27461,232,25674,76179,0
0h 3m 49s,27459,196,24397,76181,0
0h 3m 49s,27467,210,24309,76182,0
0h 3m 49s,27461,233,25674,76179,0
0h 3m 49s,27461,234,25674,76179,0
0h 3m 49s,27460,211,24728,76181,0
0h 3m 50s,27468,208,24046,76178,0
0h 3m 50s,27461,235,25674,76179,0
0h 3m 50s,27461,236,25674,76179,0
0h 3m 50s,27467,211,24309,76182,0
0h 3m 50s,27459,197,24465,76181,0
0h 3m 50s,27467,212,24309,76182,0
0h 3m 50s,27461,237,25674,76179,0
0h 3m 50s,27462,178,23625,76184,0
0h 3m 50s,27465,169,25223,76179,0
0h 3m 50s,27461,238,25675,76179,0
0h 3m 50s,27468,209,24049,76178,0
0h 3m 50s,27461,239,25678,76179,0
0h 3m 50s,27467,213,24573,76182,0
0h 3m 50s,27459,198,24519,76182,0
0h 3m 50s,27459,199,24519,76182,0
0h 3m 50s,27465,170,25228,76179,0
0h 3m 50s,27462,179,23625,76184,0
0h 3m 50s,27460,212,24728,76181,0
0h 3m 50s,27459,200,24519,76182,0
0h 3m 51s,27461,240,25685,76179,0
0h 3m 51s,27468,210,24050,76178,0
0h 3m 51s,27460,213,24894,76181,0
0h 3m 51s,27467,214,24626,76182,0
0h 3m 51s,27468,211,24114,76178,0
0h 3m 51s,27467,215,24626,76182,0
0h 3m 51s,27467,216,24626,76182,0
0h 3m 51s,27461,241,25685,76179,0
0h 3m 51s,27467,217,24627,76182,0
0h 3m 51s,27465,171,25228,76179,0
0h 3m 51s,27468,212,24114,76178,0
0h 3m 51s,27460,214,24945,76181,0
0h 3m 51s,27467,218,24627,76182,0
0h 3m 51s,27467,219,24627,76182,0
0h 3m 51s,27468,213,24505,76178,0
0h 3m 52s,27468,214,24505,76178,0
0h 3m 52s,27467,220,24628,76182,0
0h 3m 52s,27460,215,24946,76181,0
0h 3m 52s,27462,180,23625,76184,0
0h 3m 52s,27467,221,24640,76182,0
0h 3m 52s,27462,181,23625,76184,0
0h 3m 52s,27462,182,23625,76184,0
0h 3m 52s,27467,222,24640,76182,0
0h 3m 52s,27465,172,25228,76179,0
0h 3m 52s,27462,183,23625,76184,0
0h 3m 52s,27467,223,24640,76182,0
0h 3m 52s,27465,173,25230,76179,0
0h 3m 52s,27460,216,24952,76181,0
0h 3m 52s,27468,215,24534,76178,0
0h 3m 52s,27460,217,24952,76181,0
0h 3m 52s,27467,224,24666,76182,0
0h 3m 53s,27468,216,24534,76178,0
0h 3m 53s,27468,217,24534,76178,0
0h 3m 53s,27465,174,25230,76179,0
0h 3m 53s,27467,225,24666,76182,0
0h 3m 53s,27465,175,25230,76179,0
0h 3m 53s,27460,218,24952,76181,0
0h 3m 53s,27465,176,25230,76179,0
0h 3m 53s,27460,219,25009,76181,0
0h 3m 53s,27467,226,24667,76182,0
0h 3m 53s,27459,201,24560,76183,0
0h 3m 53s,27460,220,25011,76181,0
0h 3m 53s,27468,218,24534,76178,0
0h 3m 53s,27468,219,24534,76178,0
0h 3m 53s,27461,242,25685,76179,0
0h 3m 54s,27465,177,25230,76179,0
0h 3m 54s,27465,178,25230,76179,0
0h 3m 54s,27468,220,24534,76178,0
0h 3m 54s,27460,221,25012,76181,0
0h 3m 54s,27461,243,25691,76179,0
0h 3m 54s,27460,222,25025,76182,0
0h 3m 54s,27459,202,24560,76183,0
0h 3m 54s,27467,227,24741,76183,0
0h 3m 54s,27468,221,24539,76178,0
0h 3m 54s,27467,228,24741,76183,0
0h 3m 54s,27461,244,25691,76179,0
0h 3m 54s,27467,229,24782,76183,0
0h 3m 54s,27461,245,25691,76179,0
0h 3m 54s,27461,246,25691,76179,0
0h 3m 54s,27461,247,25691,76179,0
0h 3m 54s,27468,222,24539,76178,0
0h 3m 54s,27467,230,24788,76183,0
0h 3m 54s,27460,223,25058,76182,0
0h 3m 54s,27468,223,24540,76178,0
0h 3m 55s,27468,224,24540,76178,0
0h 3m 55s,27461,248,25691,76179,0
0h 3m 55s,27467,231,24798,76183,0
0h 3m 55s,27468,225,24549,76178,0
0h 3m 55s,27467,232,24851,76183,0
0h 3m 55s,27460,224,25067,76182,0
0h 3m 55s,27460,225,25077,76182,0
0h 3m 55s,27468,226,24549,76178,0
0h 3m 55s,27467,233,24851,76183,0
0h 3m 55s,27460,226,25080,76182,0
0h 3m 55s,27468,227,24622,76179,0
0h 3m 56s,27467,234,24851,76183,0
0h 3m 56s,27462,184,23626,76184,0
0h 3m 56s,27461,249,25691,76179,0
0h 3m 56s,27462,185,23626,76184,0
0h 3m 56s,27461,250,25693,76179,0
0h 3m 56s,27468,228,24625,76179,0
0h 3m 56s,27467,235,24851,76183,0
0h 3m 56s,27460,227,25155,76183,0
0h 3m 56s,27467,236,24851,76183,0
0h 3m 56s,27461,251,25731,76179,0
0h 3m 56s,27467,237,24851,76183,0
0h 3m 56s,27460,228,25202,76183,0
0h 3m 56s,27460,229,25202,76183,0
0h 3m 57s,27468,229,24667,76179,0
0h 3m 57s,27468,230,24667,76179,0
0h 3m 57s,27461,252,26036,76179,0
0h 3m 57s,27468,231,24667,76179,0
0h 3m 57s,27467,238,25170,76183,0
0h 3m 57s,27467,239,25170,76183,0
0h 3m 57s,27460,230,25236,76183,0
0h 3m 57s,27462,186,23644,76184,0
0h 3m 57s,27461,253,26037,76179,0
0h 3m 57s,27460,231,25241,76184,0
0h 3m 57s,27462,187,23687,76184,0
0h 3m 57s,27468,232,24724,76179,0
0h 3m 57s,27467,240,25177,76183,0
0h 3m 57s,27460,232,25244,76184,0
0h 3m 58s,27468,233,24724,76179,0
0h 3m 58s,27468,234,24724,76179,0
0h 3m 58s,27467,241,25177,76183,0
0h 3m 58s,27467,242,25177,76183,0
0h 3m 58s,27461,254,26037,76179,0
0h 3m 58s,27460,233,25247,76184,0
0h 3m 58s,27467,243,25181,76183,0
0h 3m 58s,27467,244,25181,76183,0
0h 3m 58s,27468,235,24724,76179,0
0h 3m 58s,27468,236,24724,76179,0
0h 3m 59s,27468,237,24724,76179,0
0h 3m 59s,27468,238,24725,76179,0
0h 3m 59s,27468,239,24725,76179,0
0h 3m 59s,27460,234,25247,76184,0
0h 3m 59s,27460,235,25247,76184,0
0h 3m 59s,27468,240,24733,76179,0
0h 3m 59s,27467,245,25181,76183,0
0h 3m 59s,27460,236,25247,76184,0
0h 4m 0s,27468,241,24733,76179,0
0h 4m 0s,27467,246,25183,76183,0
0h 4m 0s,27461,255,26037,76179,0
0h 4m 0s,27465,179,25230,76179,0
0h 4m 0s,27460,237,25258,76184,0
0h 4m 0s,27462,188,23716,76184,0
0h 4m 0s,27460,238,25270,76184,0
0h 4m 0s,27467,247,25195,76183,0
0h 4m 0s,27462,189,23724,76184,0
0h 4m 0s,27461,256,26043,76179,0
0h 4m 0s,27461,257,26043,76179,0
0h 4m 1s,27467,248,25195,76183,0
0h 4m 1s,27460,239,25273,76184,0
0h 4m 1s,27461,258,26046,76180,0
0h 4m 1s,27465,180,25242,76179,0
0h 4m 1s,27465,181,25242,76179,0
0h 4m 1s,27462,190,23728,76184,0
0h 4m 1s,27461,259,26058,76180,0
0h 4m 1s,27460,240,25280,76184,0
0h 4m 1s,27468,242,24733,76179,0
0h 4m 1s,27462,191,23729,76184,0
0h 4m 1s,27465,182,25252,76179,0
0h 4m 1s,27461,260,26061,76180,0
0h 4m 1s,27468,243,24737,76179,0
0h 4m 1s,27462,192,23729,76184,0
0h 4m 2s,27460,241,25280,76184,0
0h 4m 2s,27465,183,25259,76179,0
0h 4m 2s,27461,261,26061,76180,0
0h 4m 2s,27468,244,24737,76179,0
0h 4m 2s,27461,262,26061,76180,0
0h 4m 2s,27462,193,23729,76184,0
0h 4m 2s,27461,263,26061,76180,0
0h 4m 3s,27468,245,24737,76179,0
0h 4m 3s,27467,249,25195,76183,0
0h 4m 3s,27468,246,24737,76179,0
0h 4m 3s,27462,194,23732,76184,0
0h 4m 3s,27461,264,26071,76181,0
0h 4m 3s,27461,265,26077,76181,0
0h 4m 3s,27468,247,24744,76179,0
0h 4m 3s,27460,242,25291,76185,0
0h 4m 3s,27467,250,25195,76183,0
0h 4m 3s,27461,266,26118,76181,0
0h 4m 3s,27460,243,25343,76185,0
0h 4m 3s,27461,267,26118,76181,0
0h 4m 4s,27465,184,25278,76179,0
0h 4m 4s,27468,248,24744,76179,0
0h 4m 4s,27462,195,23745,76185,0
0h 4m 4s,27461,268,26124,76181,0
0h 4m 4s,27465,185,25278,76179,0
0h 4m 4s,27467,251,25195,76183,0
0h 4m 4s,27461,269,26124,76181,0
0h 4m 4s,27462,196,23745,76185,0
0h 4m 4s,27461,270,26132,76181,0
0h 4m 4s,27462,197,23753,76185,0
0h 4m 5s,27460,244,25343,76185,0
0h 4m 5s,27461,271,26132,76181,0
0h 4m 5s,27467,252,25304,76184,0
0h 4m 5s,27467,253,25304,76184,0
0h 4m 5s,27461,272,26132,76181,0
0h 4m 5s,27462,198,24013,76186,0
0h 4m 5s,27467,254,25305,76184,0
0h 4m 5s,27461,273,26151,76181,0
0h 4m 5s,27467,255,25305,76184,0
0h 4m 5s,27462,199,24013,76186,0
0h 4m 5s,27460,245,25343,76185,0
0h 4m 5s,27467,256,25305,76184,0
0h 4m 6s,27468,249,24744,76179,0
0h 4m 6s,27468,250,24744,76179,0
0h 4m 6s,27468,251,24744,76179,0
0h 4m 6s,27468,252,24744,76179,0
0h 4m 6s,27460,246,25343,76185,0
0h 4m 6s,27467,257,25305,76184,0
0h 4m 6s,27462,200,24013,76186,0
0h 4m 6s,27468,253,24748,76179,0
0h 4m 6s,27461,274,26151,76181,0
0h 4m 6s,27460,247,25352,76185,0
0h 4m 6s,27467,258,25308,76185,0
0h 4m 6s,27461,275,26155,76181,0
0h 4m 7s,27459,203,24561,76183,0
0h 4m 7s,27465,186,25284,76180,0
0h 4m 7s,27467,259,25320,76185,0
0h 4m 7s,27462,201,24017,76187,0
0h 4m 7s,27468,254,24765,76180,0
0h 4m 7s,27460,248,25355,76186,0
0h 4m 7s,27459,204,24576,76183,0
0h 4m 7s,27468,255,24765,76180,0
0h 4m 7s,27467,260,25320,76185,0
0h 4m 7s,27461,276,26155,76181,0
0h 4m 8s,27462,202,24017,76187,0
0h 4m 8s,27465,187,25291,76180,0
0h 4m 8s,27468,256,24802,76181,0
0h 4m 8s,27468,257,24802,76181,0
0h 4m 8s,27467,261,25320,76185,0
0h 4m 8s,27459,205,24586,76184,0
0h 4m 8s,27468,258,24802,76181,0
0h 4m 8s,27459,206,24586,76184,0
0h 4m 8s,27461,277,26155,76181,0
0h 4m 8s,27468,259,24802,76181,0
0h 4m 8s,27468,260,24802,76181,0
0h 4m 8s,27462,203,24017,76187,0
0h 4m 9s,27461,278,26162,76181,0
0h 4m 9s,27468,261,24809,76181,0
0h 4m 9s,27459,207,24597,76184,0
0h 4m 9s,27461,279,26162,76181,0
0h 4m 9s,27462,204,24027,76187,0
0h 4m 9s,27459,208,24597,76184,0
0h 4m 9s,27467,262,25320,76185,0
0h 4m 9s,27461,280,26162,76181,0
0h 4m 9s,27467,263,25320,76185,0
0h 4m 9s,27461,281,26165,76181,0
0h 4m 9s,27462,205,24027,76187,0
0h 4m 9s,27459,209,24597,76184,0
0h 4m 9s,27468,262,24809,76181,0
0h 4m 9s,27468,263,24809,76181,0
0h 4m 9s,27459,210,24597,76184,0
0h 4m 9s,27465,188,25375,76182,0
0h 4m 10s,27467,264,25331,76186,0
0h 4m 10s,27461,282,26169,76181,0
0h 4m 10s,27467,265,25405,76186,0
0h 4m 10s,27462,206,24027,76187,0
0h 4m 10s,27462,207,24027,76187,0
0h 4m 10s,27461,283,26171,76181,0
0h 4m 10s,27461,284,26171,76181,0
0h 4m 10s,27462,208,24027,76187,0
0h 4m 10s,27459,211,24608,76185,0
0h 4m 10s,27468,264,24822,76182,0
0h 4m 10s,27462,209,24031,76187,0
0h 4m 10s,27468,265,24822,76182,0
0h 4m 10s,27467,266,25427,76186,0
0h 4m 10s,27467,267,25427,76186,0
0h 4m 10s,27465,189,25439,76182,0
0h 4m 10s,27462,210,24031,76187,0
0h 4m 10s,27459,212,24622,76185,0
0h 4m 10s,27467,268,25433,76186,0
0h 4m 10s,27462,211,24031,76187,0
0h 4m 10s,27460,249,25358,76186,0
0h 4m 10s,27467,269,25433,76186,0
0h 4m 10s,27462,212,24045,76187,0
0h 4m 11s,27461,285,26171,76181,0
0h 4m 11s,27468,266,24844,76182,0
0h 4m 11s,27465,190,25446,76182,0
0h 4m 11s,27459,213,24622,76185,0
0h 4m 11s,27459,214,24622,76185,0
0h 4m 11s,27467,270,25435,76186,0
0h 4m 11s,27460,250,25358,76186,0
0h 4m 11s,27459,215,24622,76185,0
0h 4m 11s,27468,267,24844,76182,0
0h 4m 11s,27461,286,26171,76181,0
0h 4m 11s,27462,213,24048,76187,0
0h 4m 11s,27465,191,25454,76183,0
0h 4m 11s,27465,192,25454,76183,0
0h 4m 11s,27459,216,24628,76185,0
0h 4m 11s,27467,271,25436,76186,0
0h 4m 12s,27460,251,25359,76186,0
0h 4m 12s,27468,268,24850,76182,0
0h 4m 12s,27461,287,26172,76181,0
0h 4m 12s,27459,217,24634,76185,0
0h 4m 12s,27468,269,24850,76182,0
0h 4m 12s,27462,214,24103,76187,0
0h 4m 12s,27465,193,25484,76184,0
0h 4m 12s,27459,218,24634,76185,0
0h 4m 12s,27468,270,24856,76182,0
0h 4m 12s,27461,288,26172,76181,0
0h 4m 12s,27465,194,25616,76184,0
0h 4m 12s,27468,271,24856,76182,0
0h 4m 12s,27462,215,24103,76187,0
0h 4m 12s,27459,219,24687,76185,0
0h 4m 12s,27460,252,25664,76186,0
0h 4m 13s,27460,253,25664,76186,0
0h 4m 13s,27462,216,24104,76187,0
0h 4m 13s,27461,289,26172,76181,0
0h 4m 13s,27460,254,25664,76186,0
0h 4m 13s,27467,272,25436,76186,0
0h 4m 13s,27462,217,24104,76187,0
0h 4m 13s,27465,195,25616,76184,0
0h 4m 13s,27461,290,26175,76181,0
0h 4m 13s,27459,220,24693,76185,0
0h 4m 13s,27467,273,25449,76186,0
0h 4m 13s,27465,196,25616,76184,0
0h 4m 13s,27468,272,24856,76182,0
0h 4m 13s,27462,218,24104,76187,0
0h 4m 13s,27462,219,24153,76187,0
0h 4m 13s,27468,273,24858,76182,0
0h 4m 13s,27468,274,24858,76182,0
0h 4m 14s,27465,197,25616,76184,0
0h 4m 14s,27461,291,26176,76181,0
0h 4m 14s,27459,221,24694,76185,0
0h 4m 14s,27465,198,25620,76184,0
0h 4m 14s,27465,199,25620,76184,0
0h 4m 14s,27462,220,24153,76187,0
0h 4m 14s,27461,292,26176,76181,0
0h 4m 14s,27462,221,24156,76187,0
0h 4m 14s,27459,222,24708,76186,0
0h 4m 14s,27468,275,24867,76182,0
0h 4m 14s,27465,200,25620,76184,0
0h 4m 14s,27461,293,26189,76181,0
0h 4m 14s,27461,294,26189,76181,0
0h 4m 14s,27462,222,24166,76188,0
0h 4m 14s,27468,276,24867,76182,0
0h 4m 14s,27459,223,24711,76186,0
0h 4m 15s,27460,255,25664,76186,0
0h 4m 15s,27461,295,26192,76181,0
0h 4m 15s,27467,274,25451,76186,0
0h 4m 15s,27462,223,24211,76188,0
0h 4m 15s,27468,277,24875,76182,0
0h 4m 15s,27467,275,25461,76186,0
0h 4m 15s,27459,224,24719,76186,0
0h 4m 15s,27468,278,24875,76182,0
0h 4m 15s,27461,296,26202,76181,0
0h 4m 15s,27465,201,25620,76184,0
0h 4m 15s,27462,224,24211,76188,0
0h 4m 15s,27460,256,25678,76186,0
0h 4m 15s,27459,225,24720,76186,0
0h 4m 15s,27468,279,24876,76182,0
0h 4m 15s,27459,226,24721,76186,0
0h 4m 16s,27467,276,25461,76186,0
0h 4m 16s,27460,257,25678,76186,0
0h 4m 16s,27467,277,25461,76186,0
0h 4m 16s,27462,225,24291,76189,0
0h 4m 16s,27461,297,26202,76181,0
0h 4m 16s,27465,202,25620,76184,0
0h 4m 16s,27468,280,24876,76182,0
0h 4m 16s,27468,281,24879,76182,0
0h 4m 16s,27459,227,24795,76187,0
0h 4m 16s,27467,278,25461,76186,0
0h 4m 16s,27461,298,26205,76181,0
0h 4m 16s,27462,226,24295,76189,0
0h 4m 16s,27460,258,25678,76186,0
0h 4m 16s,27459,228,24795,76187,0
0h 4m 17s,27462,227,24295,76189,0
0h 4m 17s,27460,259,25690,76186,0
0h 4m 17s,27465,203,25620,76184,0
0h 4m 17s,27462,228,24298,76189,0
0h 4m 17s,27461,299,26205,76181,0
0h 4m 17s,27459,229,24853,76187,0
0h 4m 17s,27465,204,25653,76185,0
0h 4m 17s,27467,279,25461,76186,0
0h 4m 17s,27468,282,24885,76182,0
0h 4m 17s,27460,260,25695,76186,0
0h 4m 17s,27468,283,24885,76182,0
0h 4m 17s,27459,230,24853,76187,0
0h 4m 17s,27460,261,25790,76187,0
0h 4m 17s,27460,262,25790,76187,0
0h 4m 17s,27462,229,24393,76190,0
0h 4m 17s,27467,280,25461,76186,0
0h 4m 17s,27465,205,25653,76185,0
0h 4m 18s,27459,231,24856,76187,0
0h 4m 18s,27459,232,24882,76187,0
0h 4m 18s,27465,206,25656,76185,0
0h 4m 18s,27459,233,24882,76187,0
0h 4m 18s,27468,284,24994,76183,0
0h 4m 18s,27460,263,25793,76187,0
0h 4m 18s,27467,281,25558,76187,0
0h 4m 18s,27462,230,24396,76190,0
0h 4m 18s,27459,234,24885,76187,0
0h 4m 18s,27467,282,25559,76187,0
0h 4m 18s,27465,207,25756,76186,0
0h 4m 18s,27460,264,25793,76187,0
0h 4m 19s,27468,285,24994,76183,0
0h 4m 19s,27462,231,24396,76190,0
0h 4m 19s,27462,232,24429,76190,0
0h 4m 19s,27467,283,25559,76187,0
0h 4m 19s,27461,300,26223,76181,0
0h 4m 19s,27465,208,25806,76186,0
0h 4m 19s,27460,265,25793,76187,0
0h 4m 19s,27459,235,24886,76187,0
0h 4m 19s,27462,233,24429,76190,0
0h 4m 19s,27461,301,26223,76181,0
0h 4m 19s,27465,209,25807,76186,0
0h 4m 19s,27468,286,24994,76183,0
0h 4m 19s,27462,234,24429,76190,0
0h 4m 19s,27459,236,24908,76187,0
0h 4m 19s,27461,302,26223,76181,0
0h 4m 19s,27467,284,25574,76187,0
0h 4m 19s,27461,303,26243,76182,0
0h 4m 19s,27459,237,24916,76187,0
0h 4m 19s,27460,266,25823,76187,0
0h 4m 19s,27462,235,24429,76190,0
0h 4m 19s,27468,287,25000,76183,0
0h 4m 20s,27465,210,25832,76186,0
0h 4m 20s,27467,285,25579,76187,0
0h 4m 20s,27462,236,24429,76190,0
0h 4m 20s,27461,304,26253,76182,0
0h 4m 20s,27460,267,25823,76187,0
0h 4m 20s,27468,288,25001,76183,0
0h 4m 20s,27459,238,24932,76187,0
0h 4m 20s,27465,211,25834,76186,0
0h 4m 20s,27465,212,25834,76186,0
0h 4m 20s,27460,268,25829,76187,0
0h 4m 20s,27462,237,24445,76190,0
0h 4m 21s,27465,213,25834,76186,0
0h 4m 21s,27467,286,25579,76187,0
0h 4m 21s,27467,287,25579,76187,0
0h 4m 21s,27468,289,25045,76183,0
0h 4m 21s,27461,305,26253,76182,0
0h 4m 21s,27459,239,24935,76187,0
0h 4m 21s,27465,214,25837,76186,0
0h 4m 21s,27465,215,25844,76186,0
0h 4m 21s,27461,306,26264,76182,0
0h 4m 21s,27468,290,25055,76183,0
0h 4m 21s,27460,269,25829,76187,0
0h 4m 21s,27465,216,25844,76186,0
0h 4m 21s,27465,217,25844,76186,0
0h 4m 21s,27461,307,26271,76182,0
0h 4m 21s,27462,238,24446,76190,0
0h 4m 21s,27465,218,25844,76186,0
0h 4m 21s,27459,240,24943,76187,0
0h 4m 21s,27467,288,25579,76187,0
0h 4m 21s,27462,239,24449,76190,0
0h 4m 21s,27465,219,25885,76186,0
0h 4m 21s,27460,270,25835,76187,0
0h 4m 21s,27467,289,25620,76187,0
0h 4m 22s,27468,291,25055,76183,0
0h 4m 22s,27461,308,26271,76182,0
0h 4m 22s,27465,220,25890,76186,0
0h 4m 22s,27465,221,25890,76186,0
0h 4m 22s,27468,292,25055,76183,0
0h 4m 22s,27462,240,24451,76190,0
0h 4m 22s,27459,241,24968,76187,0
0h 4m 22s,27465,222,25900,76187,0
0h 4m 22s,27467,290,25624,76187,0
0h 4m 22s,27461,309,26271,76182,0
0h 4m 22s,27465,223,25905,76187,0
0h 4m 22s,27468,293,25068,76183,0
0h 4m 22s,27460,271,25858,76187,0
0h 4m 22s,27462,241,24466,76190,0
0h 4m 22s,27465,224,25915,76187,0
0h 4m 22s,27467,291,25630,76187,0
0h 4m 22s,27467,292,25630,76187,0
0h 4m 22s,27459,242,24968,76187,0
0h 4m 23s,27461,310,26271,76182,0
0h 4m 23s,27461,311,26271,76182,0
0h 4m 23s,27468,294,25068,76183,0
0h 4m 23s,27465,225,25921,76187,0
0h 4m 23s,27461,312,26276,76182,0
0h 4m 23s,27459,243,24972,76187,0
0h 4m 23s,27459,244,24972,76187,0
0h 4m 23s,27467,293,25637,76187,0
0h 4m 23s,27459,245,24972,76187,0
0h 4m 23s,27460,272,25861,76187,0
0h 4m 23s,27467,294,25637,76187,0
0h 4m 23s,27459,246,24972,76187,0
0h 4m 23s,27468,295,25070,76183,0
0h 4m 23s,27465,226,25929,76187,0
0h 4m 24s,27468,296,25072,76183,0
0h 4m 24s,27467,295,25637,76187,0
0h 4m 24s,27462,242,24466,76190,0
0h 4m 24s,27467,296,25637,76187,0
0h 4m 24s,27459,247,25019,76187,0
0h 4m 24s,27460,273,25909,76187,0
0h 4m 24s,27461,313,26286,76182,0
0h 4m 24s,27465,227,26010,76188,0
0h 4m 24s,27465,228,26010,76188,0
0h 4m 24s,27468,297,25072,76183,0
0h 4m 24s,27459,248,25019,76187,0
0h 4m 24s,27462,243,24467,76190,0
0h 4m 24s,27468,298,25075,76183,0
0h 4m 24s,27467,297,25637,76187,0
0h 4m 24s,27461,314,26286,76182,0
0h 4m 24s,27461,315,26286,76182,0
0h 4m 25s,27462,244,24467,76190,0
0h 4m 25s,27467,298,25640,76187,0
0h 4m 25s,27461,316,26294,76182,0
0h 4m 25s,27462,245,24478,76190,0
0h 4m 25s,27465,229,26067,76188,0
0h 4m 25s,27468,299,25077,76183,0
0h 4m 25s,27467,299,25643,76187,0
0h 4m 25s,27461,317,26294,76182,0
0h 4m 25s,27459,249,25022,76187,0
0h 4m 26s,27465,230,26082,76188,0
0h 4m 26s,27462,246,24483,76190,0
0h 4m 26s,27460,274,25910,76187,0
0h 4m 26s,27465,231,26085,76188,0
0h 4m 26s,27459,250,25024,76187,0
0h 4m 26s,27461,318,26311,76182,0
0h 4m 26s,27462,247,24492,76190,0
0h 4m 26s,27460,275,25910,76187,0
0h 4m 26s,27459,251,25137,76188,0
0h 4m 26s,27461,319,26336,76182,0
0h 4m 26s,27465,232,26089,76188,0
0h 4m 27s,27468,300,25083,76183,0
0h 4m 27s,27461,320,26336,76182,0
0h 4m 27s,27462,248,24492,76190,0
0h 4m 27s,27468,301,25083,76183,0
0h 4m 27s,27461,321,26336,76182,0
0h 4m 27s,27467,300,25645,76187,0
0h 4m 27s,27467,301,25645,76187,0
0h 4m 27s,27461,322,26336,76182,0
0h 4m 27s,27465,233,26091,76188,0
0h 4m 27s,27460,276,25910,76187,0
0h 4m 27s,27468,302,25083,76183,0
0h 4m 27s,27460,277,25910,76187,0
0h 4m 27s,27460,278,25910,76187,0
0h 4m 27s,27468,303,25126,76184,0
0h 4m 27s,27461,323,26336,76182,0
0h 4m 27s,27468,304,25126,76184,0
0h 4m 27s,27461,324,26336,76182,0
0h 4m 28s,27467,302,25645,76187,0
0h 4m 28s,27468,305,25126,76184,0
0h 4m 28s,27465,234,26091,76188,0
0h 4m 28s,27459,252,25446,76188,0
0h 4m 28s,27460,279,25910,76187,0
0h 4m 28s,27468,306,25126,76184,0
0h 4m 28s,27461,325,26350,76182,0
0h 4m 28s,27459,253,25446,76188,0
0h 4m 28s,27467,303,25703,76190,0
0h 4m 28s,27465,235,26096,76188,0
0h 4m 28s,27459,254,25446,76188,0
0h 4m 28s,27460,280,25910,76187,0
0h 4m 28s,27459,255,25446,76188,0
0h 4m 28s,27461,326,26350,76182,0
0h 4m 29s,27468,307,25140,76184,0
0h 4m 29s,27467,304,25733,76190,0
0h 4m 29s,27468,308,25141,76184,0
0h 4m 29s,27460,281,25910,76187,0
0h 4m 29s,27459,256,25487,76189,0
0h 4m 29s,27467,305,25733,76190,0
0h 4m 29s,27460,282,25910,76187,0
0h 4m 29s,27461,327,26354,76182,0
0h 4m 29s,27467,306,25733,76190,0
0h 4m 29s,27465,236,26103,76188,0
0h 4m 29s,27460,283,25910,76187,0
0h 4m 29s,27465,237,26108,76188,0
0h 4m 30s,27459,257,25488,76189,0
0h 4m 30s,27460,284,25910,76187,0
0h 4m 30s,27461,328,26354,76182,0
0h 4m 30s,27468,309,25147,76184,0
0h 4m 30s,27462,249,24492,76190,0
0h 4m 30s,27461,329,26354,76182,0
0h 4m 30s,27465,238,26119,76188,0
0h 4m 30s,27468,310,25158,76184,0
0h 4m 30s,27467,307,25737,76190,0
0h 4m 30s,27460,285,25910,76187,0
0h 4m 30s,27459,258,25491,76190,0
0h 4m 30s,27467,308,25737,76190,0
0h 4m 30s,27467,309,25745,76190,0
0h 4m 30s,27462,250,24498,76190,0
0h 4m 30s,27465,239,26121,76188,0
0h 4m 31s,27461,330,26359,76182,0
0h 4m 31s,27460,286,25911,76187,0
0h 4m 31s,27465,240,26125,76188,0
0h 4m 31s,27459,259,25503,76190,0
0h 4m 31s,27468,311,25163,76184,0
0h 4m 31s,27462,251,24498,76190,0
0h 4m 31s,27459,260,25503,76190,0
0h 4m 31s,27460,287,25911,76187,0
0h 4m 31s,27461,331,26365,76182,0
0h 4m 31s,27467,310,25756,76190,0
0h 4m 31s,27461,332,26417,76182,0
0h 4m 31s,27465,241,26126,76188,0
0h 4m 31s,27467,311,25756,76190,0
0h 4m 31s,27460,288,25966,76187,0
0h 4m 32s,27460,289,25975,76187,0
0h 4m 32s,27459,261,25503,76190,0
0h 4m 32s,27468,312,25213,76184,0
0h 4m 32s,27459,262,25511,76190,0
0h 4m 32s,27460,290,25975,76187,0
0h 4m 32s,27467,312,25760,76190,0
0h 4m 32s,27460,291,25975,76187,0
0h 4m 32s,27468,313,25213,76184,0
0h 4m 32s,27459,263,25513,76190,0
0h 4m 32s,27462,252,24695,76191,0
0h 4m 32s,27462,253,24695,76191,0
0h 4m 32s,27465,242,26126,76188,0
0h 4m 33s,27460,292,25975,76187,0
0h 4m 33s,27465,243,26126,76188,0
0h 4m 33s,27460,293,25975,76187,0
0h 4m 33s,27459,264,25513,76190,0
0h 4m 33s,27468,314,25213,76184,0
0h 4m 33s,27462,254,24695,76191,0
0h 4m 33s,27459,265,25513,76190,0
0h 4m 33s,27468,315,25214,76184,0
0h 4m 33s,27462,255,24695,76191,0
0h 4m 33s,27467,313,25762,76190,0
0h 4m 33s,27460,294,25975,76187,0
0h 4m 34s,27459,266,25514,76190,0
0h 4m 34s,27460,295,25975,76187,0
0h 4m 34s,27465,244,26177,76190,0
0h 4m 34s,27459,267,25514,76190,0
0h 4m 34s,27462,256,24740,76192,0
0h 4m 34s,27465,245,26177,76190,0
0h 4m 34s,27468,316,25226,76184,0
0h 4m 34s,27467,314,25762,76190,0
0h 4m 34s,27467,315,25762,76190,0
0h 4m 34s,27460,296,25979,76187,0
0h 4m 34s,27465,246,26177,76190,0
0h 4m 34s,27459,268,25514,76190,0
0h 4m 34s,27468,317,25226,76184,0
0h 4m 34s,27462,257,24772,76192,0
0h 4m 35s,27467,316,25772,76190,0
0h 4m 35s,27468,318,25229,76184,0
0h 4m 35s,27467,317,25772,76190,0
0h 4m 35s,27460,297,25979,76187,0
0h 4m 35s,27461,333,26464,76183,0
0h 4m 35s,27459,269,25514,76190,0
0h 4m 35s,27465,247,26202,76190,0
0h 4m 35s,27467,318,25776,76190,0
0h 4m 35s,27461,334,26464,76183,0
0h 4m 35s,27465,248,26202,76190,0
0h 4m 35s,27461,335,26464,76183,0
0h 4m 35s,27462,258,24855,76192,0
0h 4m 35s,27468,319,25256,76184,0
0h 4m 35s,27467,319,25801,76190,0
0h 4m 35s,27460,298,25994,76187,0
0h 4m 35s,27459,270,25523,76191,0
0h 4m 35s,27465,249,26217,76190,0
0h 4m 36s,27461,336,26512,76183,0
0h 4m 36s,27459,271,25523,76191,0
0h 4m 36s,27462,259,24908,76192,0
0h 4m 36s,27465,250,26217,76190,0
0h 4m 36s,27462,260,24908,76192,0
0h 4m 36s,27462,261,24908,76192,0
0h 4m 36s,27459,272,25523,76191,0
0h 4m 36s,27460,299,25995,76187,0
0h 4m 36s,27468,320,25256,76184,0
0h 4m 36s,27465,251,26218,76190,0
0h 4m 36s,27459,273,25523,76191,0
0h 4m 37s,27462,262,24908,76192,0
0h 4m 37s,27462,263,24908,76192,0
0h 4m 37s,27462,264,24908,76192,0
0h 4m 37s,27462,265,24908,76192,0
0h 4m 37s,27468,321,25267,76184,0
0h 4m 37s,27462,266,24930,76192,0
0h 4m 37s,27462,267,24930,76192,0
0h 4m 37s,27468,322,25267,76184,0
0h 4m 37s,27465,252,26379,76190,0
0h 4m 37s,27468,323,25267,76184,0
0h 4m 37s,27459,274,25523,76191,0
0h 4m 37s,27468,324,25267,76184,0
0h 4m 37s,27465,253,26382,76190,0
0h 4m 37s,27462,268,24936,76192,0
0h 4m 38s,27465,254,26382,76190,0
0h 4m 38s,27467,320,25801,76190,0
0h 4m 38s,27462,269,24936,76192,0
0h 4m 38s,27465,255,26382,76190,0
0h 4m 38s,27459,275,25525,76191,0
0h 4m 38s,27462,270,24936,76192,0
0h 4m 38s,27462,271,24936,76192,0
0h 4m 38s,27468,325,25267,76184,0
0h 4m 38s,27465,256,26382,76190,0
0h 4m 38s,27467,321,25801,76190,0
0h 4m 38s,27462,272,24936,76192,0
0h 4m 38s,27460,300,25997,76187,0
0h 4m 38s,27459,276,25525,76191,0
0h 4m 38s,27459,277,25525,76191,0
0h 4m 38s,27465,257,26384,76190,0
0h 4m 39s,27462,273,24955,76192,0
0h 4m 39s,27465,258,26384,76190,0
0h 4m 39s,27465,259,26384,76190,0
0h 4m 39s,27465,260,26384,76190,0
0h 4m 39s,27459,278,25525,76191,0
0h 4m 39s,27461,337,26512,76183,0
0h 4m 39s,27460,301,25997,76187,0
0h 4m 39s,27467,322,25803,76190,0
0h 4m 39s,27460,302,25997,76187,0
0h 4m 39s,27468,326,25267,76184,0
0h 4m 39s,27459,279,25525,76191,0
0h 4m 39s,27467,323,25803,76190,0
0h 4m 40s,27461,338,26512,76183,0
0h 4m 40s,27465,261,26384,76190,0
0h 4m 40s,27460,303,26029,76187,0
0h 4m 40s,27468,327,25268,76184,0
0h 4m 40s,27468,328,25268,76184,0
0h 4m 40s,27467,324,25803,76190,0
0h 4m 40s,27462,274,24955,76192,0
0h 4m 40s,27459,280,25565,76191,0
0h 4m 40s,27459,281,25565,76191,0
0h 4m 40s,27468,329,25269,76184,0
0h 4m 40s,27460,304,26029,76187,0
0h 4m 40s,27459,282,25565,76191,0
0h 4m 40s,27462,275,24958,76192,0
0h 4m 40s,27461,339,26661,76183,0
0h 4m 40s,27459,283,25565,76191,0
0h 4m 40s,27465,262,26454,76190,0
0h 4m 40s,27460,305,26034,76187,0
0h 4m 40s,27465,263,26454,76190,0
0h 4m 40s,27468,330,25269,76184,0
0h 4m 41s,27462,276,24958,76192,0
0h 4m 41s,27462,277,24958,76192,0
0h 4m 41s,27459,284,25565,76191,0
0h 4m 41s,27467,325,25803,76190,0
0h 4m 41s,27460,306,26035,76187,0
0h 4m 41s,27462,278,24958,76192,0
0h 4m 41s,27460,307,26035,76187,0
0h 4m 41s,27465,264,26454,76190,0
0h 4m 41s,27459,285,25565,76191,0
0h 4m 41s,27461,340,26661,76183,0
0h 4m 41s,27465,265,26454,76190,0
0h 4m 41s,27460,308,26037,76187,0
0h 4m 41s,27462,279,24958,76192,0
0h 4m 41s,27467,326,25803,76190,0
0h 4m 41s,27459,286,25565,76191,0
0h 4m 41s,27459,287,25565,76191,0
0h 4m 42s,27460,309,26039,76187,0
0h 4m 42s,27460,310,26039,76187,0
0h 4m 42s,27462,280,24958,76192,0
0h 4m 42s,27459,288,25565,76191,0
0h 4m 42s,27459,289,25565,76191,0
0h 4m 42s,27461,341,26661,76183,0
0h 4m 42s,27462,281,24958,76192,0
0h 4m 42s,27467,327,25806,76190,0
0h 4m 42s,27468,331,25269,76184,0
0h 4m 42s,27467,328,25806,76190,0
0h 4m 42s,27460,311,26039,76187,0
0h 4m 42s,27462,282,24981,76192,0
0h 4m 42s,27459,290,25565,76191,0
0h 4m 42s,27468,332,25321,76184,0
0h 4m 42s,27465,266,26477,76190,0
0h 4m 43s,27467,329,25829,76190,0
0h 4m 43s,27459,291,25565,76191,0
0h 4m 43s,27459,292,25565,76191,0
0h 4m 43s,27465,267,26478,76190,0
0h 4m 43s,27461,342,26687,76183,0
0h 4m 43s,27460,312,26039,76187,0
0h 4m 43s,27462,283,24983,76192,0
0h 4m 43s,27465,268,26491,76190,0
0h 4m 43s,27465,269,26491,76190,0
0h 4m 43s,27467,330,25834,76190,0
0h 4m 43s,27461,343,26687,76183,0
0h 4m 43s,27462,284,24983,76192,0
0h 4m 43s,27459,293,25590,76191,0
0h 4m 43s,27461,344,26689,76183,0
0h 4m 43s,27461,345,26692,76183,0
0h 4m 44s,27465,270,26497,76190,0
0h 4m 44s,27461,346,26692,76183,0
0h 4m 44s,27465,271,26497,76190,0
0h 4m 44s,27461,347,26692,76183,0
0h 4m 44s,27459,294,25642,76191,0
0h 4m 44s,27459,295,25642,76191,0
0h 4m 44s,27465,272,26497,76190,0
0h 4m 44s,27468,333,25329,76184,0
0h 4m 45s,27467,331,25834,76190,0
0h 4m 45s,27467,332,25837,76190,0
0h 4m 45s,27461,348,26696,76183,0
0h 4m 45s,27459,296,25650,76191,0
0h 4m 45s,27465,273,26509,76190,0
0h 4m 45s,27459,297,25650,76191,0
0h 4m 45s,27461,349,26696,76183,0
0h 4m 45s,27462,285,24983,76192,0
0h 4m 45s,27459,298,25650,76191,0
0h 4m 45s,27467,333,25879,76190,0
0h 4m 45s,27462,286,24985,76192,0
0h 4m 45s,27468,334,25329,76184,0
0h 4m 45s,27461,350,26697,76183,0
0h 4m 45s,27467,334,25921,76190,0
0h 4m 45s,27460,313,26039,76187,0
0h 4m 46s,27468,335,25329,76184,0
0h 4m 46s,27460,314,26067,76187,0
0h 4m 46s,27467,335,25921,76190,0
0h 4m 46s,27465,274,26509,76190,0
0h 4m 46s,27462,287,24985,76192,0
0h 4m 46s,27459,299,25653,76191,0
0h 4m 46s,27461,351,26698,76183,0
0h 4m 46s,27461,352,26739,76183,0
0h 4m 46s,27460,315,26075,76187,0
0h 4m 46s,27468,336,25382,76184,0
0h 4m 46s,27461,353,26739,76183,0
0h 4m 46s,27467,336,25970,76190,0
0h 4m 46s,27460,316,26092,76187,0
0h 4m 46s,27462,288,24986,76192,0
0h 4m 46s,27465,275,26509,76190,0
0h 4m 46s,27461,354,26739,76183,0
0h 4m 46s,27459,300,25653,76191,0
0h 4m 46s,27462,289,24990,76192,0
0h 4m 47s,27462,290,24990,76192,0
0h 4m 47s,27460,317,26092,76187,0
0h 4m 47s,27462,291,24993,76192,0
0h 4m 47s,27459,301,25653,76191,0
0h 4m 47s,27461,355,26744,76183,0
0h 4m 47s,27460,318,26100,76187,0
0h 4m 47s,27465,276,26509,76190,0
0h 4m 47s,27462,292,24993,76192,0
0h 4m 47s,27465,277,26509,76190,0
0h 4m 48s,27462,293,25495,76193,0
0h 4m 48s,27461,356,26748,76183,0
0h 4m 48s,27461,357,26748,76183,0
0h 4m 48s,27462,294,25495,76193,0
0h 4m 48s,27459,302,25653,76191,0
0h 4m 48s,27459,303,25664,76191,0
0h 4m 48s,27462,295,25506,76193,0
0h 4m 48s,27465,278,26509,76190,0
0h 4m 48s,27459,304,25664,76191,0
0h 4m 48s,27462,296,25511,76193,0
0h 4m 48s,27462,297,25511,76193,0
0h 4m 48s,27459,305,25664,76191,0
0h 4m 48s,27461,358,26753,76183,0
0h 4m 48s,27462,298,25511,76193,0
0h 4m 48s,27465,279,26509,76190,0
0h 4m 48s,27460,319,26147,76187,0
0h 4m 49s,27465,280,26509,76190,0
0h 4m 49s,27468,337,25382,76184,0
0h 4m 49s,27459,306,25691,76191,0
0h 4m 49s,27468,338,25382,76184,0
0h 4m 49s,27462,299,25511,76193,0
0h 4m 49s,27465,281,26509,76190,0
0h 4m 49s,27460,320,26147,76187,0
0h 4m 49s,27465,282,26509,76190,0
0h 4m 49s,27467,337,26547,76191,0
0h 4m 49s,27459,307,25691,76191,0
0h 4m 49s,27459,308,25691,76191,0
0h 4m 49s,27460,321,26154,76187,0
0h 4m 50s,27465,283,26511,76190,0
0h 4m 50s,27465,284,26511,76190,0
0h 4m 50s,27467,338,26547,76191,0
0h 4m 50s,27459,309,25697,76191,0
0h 4m 50s,27468,339,25453,76184,0
0h 4m 50s,27461,359,26753,76183,0
0h 4m 50s,27460,322,26154,76187,0
0h 4m 50s,27467,339,26621,76191,0
0h 4m 50s,27460,323,26154,76187,0
0h 4m 51s,27461,360,26753,76183,0
0h 4m 51s,27465,285,26511,76190,0
0h 4m 51s,27462,300,25511,76193,0
0h 4m 51s,27459,310,25759,76191,0
0h 4m 51s,27467,340,26621,76191,0
0h 4m 51s,27467,341,26621,76191,0
0h 4m 51s,27465,286,26511,76190,0
0h 4m 51s,27462,301,25511,76193,0
0h 4m 51s,27461,361,26753,76183,0
0h 4m 51s,27460,324,26154,76187,0
0h 4m 51s,27468,340,25453,76184,0
0h 4m 51s,27465,287,26511,76190,0
0h 4m 51s,27459,311,25759,76191,0
0h 4m 51s,27459,312,25759,76191,0
0h 4m 51s,27465,288,26511,76190,0
0h 4m 51s,27462,302,25511,76193,0
0h 4m 51s,27467,342,26622,76191,0
0h 4m 52s,27465,289,26514,76190,0
0h 4m 52s,27460,325,26154,76187,0
0h 4m 52s,27461,362,26753,76183,0
0h 4m 52s,27461,363,26753,76183,0
0h 4m 52s,27462,303,25608,76196,0
0h 4m 52s,27467,343,26622,76191,0
0h 4m 52s,27468,341,25453,76184,0
0h 4m 52s,27465,290,26520,76190,0
0h 4m 52s,27461,364,26760,76183,0
0h 4m 52s,27461,365,26825,76183,0
0h 4m 52s,27465,291,26545,76190,0
0h 4m 52s,27460,326,26154,76187,0
0h 4m 52s,27467,344,26628,76191,0
0h 4m 52s,27462,304,25609,76196,0
0h 4m 52s,27465,292,26545,76190,0
0h 4m 53s,27467,345,26631,76191,0
0h 4m 53s,27461,366,26825,76183,0
0h 4m 53s,27467,346,26631,76191,0
0h 4m 53s,27468,342,25496,76184,0
0h 4m 53s,27459,313,25776,76191,0
0h 4m 53s,27460,327,26156,76187,0
0h 4m 53s,27465,293,26546,76190,0
0h 4m 53s,27467,347,26631,76191,0
0h 4m 53s,27467,348,26631,76191,0
0h 4m 53s,27461,367,26825,76183,0
0h 4m 53s,27459,314,25776,76191,0
0h 4m 53s,27465,294,26547,76190,0
0h 4m 53s,27462,305,25610,76196,0
0h 4m 53s,27460,328,26156,76187,0
0h 4m 53s,27461,368,26832,76183,0
0h 4m 53s,27468,343,25506,76184,0
0h 4m 53s,27460,329,26156,76187,0
0h 4m 53s,27460,330,26156,76187,0
0h 4m 53s,27468,344,25506,76184,0
0h 4m 53s,27468,345,25506,76184,0
0h 4m 53s,27459,315,25776,76191,0
0h 4m 53s,27467,349,26634,76191,0
0h 4m 53s,27468,346,25506,76184,0
0h 4m 53s,27462,306,25616,76196,0
0h 4m 53s,27462,307,25616,76196,0
0h 4m 54s,27461,369,26833,76183,0
0h 4m 54s,27461,370,26833,76183,0
0h 4m 54s,27462,308,25616,76196,0
0h 4m 54s,27462,309,25616,76196,0
0h 4m 54s,27459,316,25782,76191,0
0h 4m 54s,27465,295,26547,76190,0
0h 4m 54s,27461,371,26833,76183,0
0h 4m 54s,27468,347,25512,76184,0
0h 4m 54s,27467,350,26638,76191,0
0h 4m 54s,27459,317,25782,76191,0
0h 4m 54s,27461,372,26835,76183,0
0h 4m 54s,27460,331,26162,76187,0
0h 4m 54s,27465,296,26547,76190,0
0h 4m 54s,27461,373,26835,76183,0
0h 4m 55s,27459,318,25782,76191,0
0h 4m 55s,27467,351,26644,76191,0
0h 4m 55s,27462,310,25664,76196,0
0h 4m 55s,27465,297,26557,76190,0
0h 4m 55s,27465,298,26560,76190,0
0h 4m 55s,27461,374,26838,76183,0
0h 4m 55s,27468,348,25516,76184,0
0h 4m 55s,27465,299,26560,76190,0
0h 4m 55s,27460,332,26218,76187,0
0h 4m 55s,27459,319,25827,76191,0
0h 4m 55s,27465,300,26560,76190,0
0h 4m 55s,27468,349,25517,76184,0
0h 4m 55s,27459,320,25828,76191,0
0h 4m 55s,27465,301,26563,76190,0
0h 4m 55s,27462,311,25667,76196,0
0h 4m 55s,27465,302,26563,76190,0
0h 4m 56s,27459,321,25828,76191,0
0h 4m 56s,27461,375,26839,76183,0
0h 4m 56s,27465,303,26636,76193,0
0h 4m 56s,27468,350,25518,76184,0
0h 4m 56s,27468,351,25518,76184,0
0h 4m 56s,27462,312,25669,76196,0
0h 4m 56s,27459,322,25830,76191,0
0h 4m 56s,27461,376,26853,76183,0
0h 4m 56s,27459,323,25830,76191,0
0h 4m 56s,27460,333,26219,76187,0
0h 4m 57s,27465,304,26636,76193,0
0h 4m 57s,27459,324,25830,76191,0
0h 4m 57s,27461,377,26972,76183,0
0h 4m 57s,27459,325,25830,76191,0
0h 4m 57s,27460,334,26219,76187,0
0h 4m 57s,27465,305,26636,76193,0
0h 4m 57s,27460,335,26219,76187,0
0h 4m 57s,27459,326,25864,76191,0
0h 4m 57s,27462,313,25669,76196,0
0h 4m 57s,27459,327,25872,76191,0
0h 4m 57s,27461,378,26972,76183,0
0h 4m 57s,27460,336,26221,76187,0
0h 4m 57s,27459,328,25872,76191,0
0h 4m 58s,27465,306,26636,76193,0
0h 4m 58s,27465,307,26649,76193,0
0h 4m 58s,27462,314,25670,76196,0
0h 4m 58s,27462,315,25671,76196,0
0h 4m 58s,27459,329,25872,76191,0
0h 4m 58s,27461,379,26972,76183,0
0h 4m 58s,27465,308,26649,76193,0
0h 4m 58s,27461,380,26972,76183,0
0h 4m 58s,27459,330,25874,76191,0
0h 4m 58s,27462,316,25672,76196,0
0h 4m 59s,27465,309,26650,76193,0
0h 4m 59s,27465,310,26656,76193,0
0h 4m 59s,27462,317,25672,76196,0
0h 4m 59s,27465,311,26656,76193,0
0h 4m 59s,27461,381,26972,76183,0
0h 4m 59s,27465,312,26661,76193,0
0h 4m 59s,27462,318,25672,76196,0
0h 4m 59s,27462,319,25697,76196,0
0h 4m 59s,27461,382,26972,76183,0
0h 4m 59s,27462,320,25697,76196,0
0h 4m 59s,27462,321,25697,76196,0
0h 5m 0s,27461,383,26972,76183,0
0h 5m 0s,27461,384,26973,76183,0
0h 5m 0s,27461,385,26973,76183,0
0h 5m 0s,27461,386,26973,76183,0
0h 5m 0s,27462,322,25710,76196,0
0h 5m 0s,27460,337,26221,76187,0
0h 5m 0s,27462,323,25710,76196,0
0h 5m 0s,27462,324,25710,76196,0
0h 5m 0s,27460,338,26221,76187,0
0h 5m 1s,27462,325,25710,76196,0
0h 5m 1s,27465,313,26674,76193,0
0h 5m 1s,27462,326,25710,76196,0
0h 5m 1s,27460,339,26282,76187,0
0h 5m 2s,27460,340,26282,76187,0
0h 5m 2s,27462,327,25712,76196,0
0h 5m 2s,27461,387,26973,76183,0
0h 5m 2s,27461,388,26973,76183,0
0h 5m 2s,27460,341,26282,76187,0
0h 5m 2s,27462,328,25712,76196,0
0h 5m 2s,27465,314,26674,76193,0
0h 5m 2s,27462,329,25712,76196,0
0h 5m 3s,27460,342,26308,76187,0
0h 5m 3s,27462,330,25712,76196,0
0h 5m 3s,27465,315,26675,76193,0
0h 5m 3s,27460,343,26308,76187,0
0h 5m 3s,27461,389,26973,76183,0
0h 5m 3s,27462,331,25712,76196,0
0h 5m 3s,27465,316,26743,76193,0
0h 5m 3s,27462,332,25764,76196,0
0h 5m 3s,27465,317,26743,76193,0
0h 5m 4s,27461,390,26973,76183,0
0h 5m 4s,27467,352,26696,76191,0
0h 5m 4s,27467,353,26696,76191,0
0h 5m 4s,27460,344,26343,76187,0
0h 5m 4s,27459,331,25874,76191,0
0h 5m 4s,27461,391,26973,76183,0
0h 5m 4s,27465,318,26747,76193,0
0h 5m 4s,27461,392,26975,76183,0
0h 5m 4s,27467,354,26696,76191,0
0h 5m 4s,27465,319,26749,76193,0
0h 5m 4s,27461,393,26975,76183,0
0h 5m 4s,27467,355,26700,76191,0
0h 5m 5s,27460,345,26347,76187,0
0h 5m 5s,27460,346,26347,76187,0
0h 5m 5s,27459,332,26504,76192,0
0h 5m 5s,27461,394,26975,76183,0
0h 5m 5s,27460,347,26347,76187,0
0h 5m 5s,27467,356,26701,76191,0
0h 5m 5s,27460,348,26352,76187,0
0h 5m 6s,27460,349,26352,76187,0
0h 5m 6s,27467,357,26701,76191,0
0h 5m 6s,27460,350,26352,76187,0
0h 5m 6s,27462,333,25766,76196,0
0h 5m 6s,27462,334,25842,76196,0
0h 5m 7s,27460,351,26353,76187,0
0h 5m 7s,27460,352,26353,76187,0
0h 5m 7s,27467,358,26709,76191,0
0h 5m 7s,27461,395,26975,76183,0
0h 5m 7s,27462,335,25842,76196,0
0h 5m 7s,27460,353,26353,76187,0
0h 5m 8s,27467,359,26710,76191,0
0h 5m 8s,27462,336,26118,76197,0
0h 5m 8s,27460,354,26353,76187,0
0h 5m 8s,27465,320,26751,76193,0
0h 5m 8s,27461,396,26975,76183,0
0h 5m 8s,27460,355,26353,76187,0
0h 5m 8s,27465,321,26751,76193,0
0h 5m 8s,27467,360,26711,76191,0
0h 5m 8s,27465,322,26751,76193,0
0h 5m 8s,27465,323,26751,76193,0
0h 5m 9s,27460,356,26370,76187,0
0h 5m 9s,27465,324,26751,76193,0
0h 5m 9s,27467,361,26711,76191,0
0h 5m 9s,27465,325,26751,76193,0
0h 5m 9s,27461,397,26975,76183,0
0h 5m 9s,27465,326,26751,76193,0
0h 5m 9s,27465,327,26752,76193,0
0h 5m 9s,27467,362,26725,76191,0
0h 5m 9s,27460,357,26370,76187,0
0h 5m 9s,27460,358,26372,76187,0
0h 5m 9s,27461,398,26982,76183,0
0h 5m 9s,27465,328,26752,76193,0
0h 5m 9s,27459,333,26504,76192,0
0h 5m 9s,27462,337,26118,76197,0
0h 5m 9s,27465,329,26752,76193,0
0h 5m 10s,27467,363,26725,76191,0
0h 5m 10s,27461,399,26982,76183,0
0h 5m 10s,27459,334,26504,76192,0
0h 5m 10s,27467,364,26726,76191,0
0h 5m 10s,27459,335,26508,76192,0
0h 5m 10s,27465,330,26785,76193,0
0h 5m 10s,27461,400,26992,76183,0
0h 5m 10s,27465,331,26785,76193,0
0h 5m 10s,27467,365,26798,76191,0
0h 5m 10s,27465,332,26785,76193,0
0h 5m 10s,27465,333,26785,76193,0
0h 5m 10s,27462,338,26118,76197,0
0h 5m 10s,27460,359,26372,76187,0
0h 5m 11s,27461,401,26993,76183,0
0h 5m 11s,27461,402,26997,76183,0
0h 5m 11s,27465,334,26785,76193,0
0h 5m 11s,27459,336,26518,76192,0
0h 5m 11s,27462,339,26179,76197,0
0h 5m 11s,27467,366,26850,76191,0
0h 5m 11s,27467,367,26850,76191,0
0h 5m 11s,27465,335,26785,76193,0
0h 5m 11s,27462,340,26179,76197,0
0h 5m 11s,27467,368,26851,76191,0
0h 5m 11s,27465,336,26789,76193,0
0h 5m 11s,27460,360,26375,76187,0
0h 5m 11s,27467,369,26860,76191,0
0h 5m 12s,27462,341,26179,76197,0
0h 5m 12s,27460,361,26375,76187,0
0h 5m 12s,27462,342,26179,76197,0
0h 5m 12s,27462,343,26179,76197,0
0h 5m 12s,27465,337,26789,76193,0
0h 5m 12s,27460,362,26375,76187,0
0h 5m 12s,27460,363,26375,76187,0
0h 5m 12s,27467,370,26860,76191,0
0h 5m 12s,27462,344,26185,76197,0
0h 5m 13s,27465,338,26789,76193,0
0h 5m 13s,27462,345,26188,76197,0
0h 5m 13s,27462,346,26188,76197,0
0h 5m 13s,27467,371,26860,76191,0
0h 5m 13s,27460,364,26380,76187,0
0h 5m 13s,27467,372,26860,76191,0
0h 5m 13s,27461,403,27233,76183,0
0h 5m 13s,27465,339,26808,76193,0
0h 5m 13s,27465,340,26808,76193,0
0h 5m 13s,27465,341,26808,76193,0
0h 5m 13s,27467,373,26860,76191,0
0h 5m 13s,27467,374,26860,76191,0
0h 5m 13s,27465,342,26809,76193,0
0h 5m 13s,27462,347,26251,76197,0
0h 5m 13s,27468,352,25566,76184,0
0h 5m 13s,27460,365,26447,76187,0
0h 5m 13s,27462,348,26254,76197,0
0h 5m 13s,27461,404,27234,76183,0
0h 5m 14s,27460,366,26447,76187,0
0h 5m 14s,27468,353,25567,76184,0
0h 5m 14s,27467,375,26872,76191,0
0h 5m 14s,27465,343,26809,76193,0
0h 5m 14s,27467,376,26872,76191,0
0h 5m 14s,27465,344,26811,76193,0
0h 5m 14s,27468,354,25633,76184,0
0h 5m 14s,27462,349,26319,76197,0
0h 5m 14s,27467,377,26992,76191,0
0h 5m 14s,27462,350,26319,76197,0
0h 5m 14s,27468,355,25638,76184,0
0h 5m 14s,27467,378,26992,76191,0
0h 5m 15s,27461,405,27245,76183,0
0h 5m 15s,27462,351,26319,76197,0
0h 5m 15s,27459,337,26519,76192,0
0h 5m 15s,27467,379,26992,76191,0
0h 5m 15s,27468,356,26216,76185,0
0h 5m 15s,27461,406,27245,76183,0
0h 5m 15s,27465,345,26814,76193,0
0h 5m 15s,27465,346,26814,76193,0
0h 5m 15s,27467,380,26992,76191,0
0h 5m 15s,27468,357,26216,76185,0
0h 5m 15s,27459,338,26519,76192,0
0h 5m 15s,27461,407,27246,76183,0
0h 5m 16s,27468,358,26223,76185,0
0h 5m 16s,27465,347,26814,76193,0
0h 5m 16s,27459,339,26585,76192,0
0h 5m 16s,27461,408,27246,76183,0
0h 5m 16s,27461,409,27247,76183,0
0h 5m 16s,27468,359,26223,76185,0
0h 5m 16s,27467,381,26992,76191,0
0h 5m 16s,27460,367,26512,76187,0
0h 5m 16s,27460,368,26512,76187,0
0h 5m 16s,27465,348,26815,76193,0
0h 5m 16s,27460,369,26515,76187,0
0h 5m 16s,27468,360,26223,76185,0
0h 5m 16s,27461,410,27250,76183,0
0h 5m 17s,27459,340,26585,76192,0
0h 5m 17s,27460,370,26515,76187,0
0h 5m 17s,27465,349,26815,76193,0
0h 5m 17s,27460,371,26515,76187,0
0h 5m 17s,27467,382,26992,76191,0
0h 5m 17s,27467,383,26992,76191,0
0h 5m 17s,27467,384,26993,76191,0
0h 5m 17s,27459,341,26585,76192,0
0h 5m 17s,27467,385,26993,76191,0
0h 5m 17s,27465,350,27017,76194,0
0h 5m 17s,27465,351,27018,76194,0
0h 5m 17s,27460,372,26516,76187,0
0h 5m 17s,27468,361,26223,76185,0
0h 5m 17s,27460,373,26516,76187,0
0h 5m 17s,27460,374,26516,76187,0
0h 5m 17s,27459,342,26605,76192,0
0h 5m 17s,27467,386,27207,76192,0
0h 5m 17s,27459,343,26605,76192,0
0h 5m 18s,27468,362,26223,76185,0
0h 5m 18s,27460,375,26520,76187,0
0h 5m 18s,27460,376,26527,76187,0
0h 5m 18s,27459,344,26607,76192,0
0h 5m 18s,27461,411,27250,76183,0
0h 5m 18s,27459,345,26607,76192,0
0h 5m 18s,27460,377,26645,76187,0
0h 5m 18s,27459,346,26607,76192,0
0h 5m 18s,27467,387,27223,76192,0
0h 5m 18s,27467,388,27223,76192,0
0h 5m 18s,27468,363,26225,76185,0
0h 5m 18s,27461,412,27265,76183,0
0h 5m 18s,27461,413,27265,76183,0
0h 5m 18s,27460,378,26653,76187,0
0h 5m 19s,27459,347,26628,76192,0
0h 5m 19s,27459,348,26628,76192,0
0h 5m 19s,27468,364,26231,76185,0
0h 5m 19s,27468,365,26231,76185,0
0h 5m 19s,27461,414,27265,76183,0
0h 5m 19s,27460,379,26653,76187,0
0h 5m 19s,27459,349,26628,76192,0
0h 5m 19s,27468,366,26231,76185,0
0h 5m 19s,27460,380,26653,76187,0
0h 5m 19s,27460,381,26653,76187,0
0h 5m 20s,27459,350,26630,76192,0
0h 5m 20s,27468,367,26231,76185,0
0h 5m 20s,27459,351,26630,76192,0
0h 5m 20s,27467,389,27223,76192,0
0h 5m 20s,27468,368,26242,76185,0
0h 5m 20s,27467,390,27223,76192,0
0h 5m 20s,27460,382,26653,76187,0
0h 5m 21s,27460,383,26653,76187,0
0h 5m 21s,27460,384,26654,76187,0
0h 5m 21s,27468,369,26247,76185,0
0h 5m 21s,27467,391,27223,76192,0
0h 5m 21s,27468,370,26247,76185,0
0h 5m 21s,27460,385,26654,76187,0
0h 5m 21s,27465,352,27026,76194,0
0h 5m 21s,27465,353,27026,76194,0
0h 5m 21s,27467,392,27223,76192,0
0h 5m 22s,27460,386,26667,76187,0
0h 5m 22s,27468,371,26247,76185,0
0h 5m 22s,27468,372,26249,76185,0
0h 5m 22s,27467,393,27223,76192,0
0h 5m 22s,27465,354,27026,76194,0
0h 5m 22s,27465,355,27030,76194,0
0h 5m 23s,27467,394,27223,76192,0
0h 5m 23s,27467,395,27223,76192,0
0h 5m 23s,27460,387,26667,76187,0
0h 5m 23s,27467,396,27223,76192,0
0h 5m 23s,27465,356,27046,76194,0
0h 5m 23s,27467,397,27223,76192,0
0h 5m 23s,27460,388,26671,76187,0
0h 5m 23s,27467,398,27230,76192,0
0h 5m 24s,27465,357,27046,76194,0
0h 5m 24s,27465,358,27051,76194,0
0h 5m 24s,27467,399,27230,76192,0
0h 5m 24s,27467,400,27230,76192,0
0h 5m 24s,27465,359,27051,76194,0
0h 5m 24s,27465,360,27051,76194,0
0h 5m 25s,27460,389,26671,76187,0
0h 5m 25s,27465,361,27051,76194,0
0h 5m 26s,27465,362,27052,76194,0
0h 5m 26s,27465,363,27052,76194,0
0h 5m 26s,27465,364,27055,76194,0
0h 5m 26s,27465,365,27117,76194,0
0h 5m 26s,27465,366,27117,76194,0
0h 5m 27s,27468,373,26249,76185,0
0h 5m 27s,27465,367,27117,76194,0
0h 5m 27s,27468,374,26252,76185,0
0h 5m 27s,27468,375,26252,76185,0
0h 5m 27s,27465,368,27129,76194,0
0h 5m 27s,27465,369,27141,76194,0
0h 5m 28s,27468,376,26267,76185,0
0h 5m 28s,27465,370,27141,76194,0
0h 5m 28s,27465,371,27141,76194,0
0h 5m 28s,27468,377,26396,76185,0
0h 5m 28s,27465,372,27142,76194,0
0h 5m 28s,27467,401,27232,76192,0
0h 5m 29s,27468,378,26400,76185,0
0h 5m 29s,27467,402,27236,76192,0
0h 5m 29s,27468,379,26400,76185,0
0h 5m 30s,27468,380,26400,76185,0
0h 5m 30s,27468,381,26400,76185,0
0h 5m 30s,27468,382,26400,76185,0
0h 5m 31s,27468,383,26400,76185,0
0h 5m 31s,27468,384,26401,76185,0
0h 5m 32s,27468,385,26401,76185,0
0h 5m 32s,27467,403,27430,76192,0
0h 5m 36s,27467,404,27430,76192,0
0h 5m 36s,27468,386,26602,76186,0
0h 5m 36s,27467,405,27430,76192,0
0h 5m 36s,27468,387,26602,76186,0
0h 5m 36s,27467,406,27430,76192,0
0h 5m 37s,27468,388,26619,76186,0
0h 5m 37s,27467,407,27430,76192,0
0h 5m 37s,27467,408,27430,76192,0
0h 5m 37s,27467,409,27436,76192,0
0h 5m 38s,27468,389,26619,76186,0
0h 5m 38s,27467,410,27443,76192,0
0h 5m 38s,27467,411,27443,76192,0
0h 5m 40s,27467,412,27443,76192,0
0h 5m 40s,27467,413,27443,76192,0
0h 5m 57s,27461,415,27267,76183,1
0h 5m 57s,27461,416,27315,76184,1
0h 5m 57s,27461,417,27315,76184,1
0h 5m 58s,27459,352,26646,76192,1
0h 5m 59s,27459,353,26647,76192,1
0h 5m 59s,27459,354,26647,76192,1
0h 5m 59s,27459,355,26651,76192,1
0h 5m 59s,27459,356,26652,76192,1
0h 6m 0s,27459,357,26652,76192,1
0h 6m 0s,27461,418,27330,76184,1
0h 6m 0s,27461,419,27330,76184,1
0h 6m 1s,27461,420,27330,76184,1
0h 6m 1s,27461,421,27334,76184,1
0h 6m 1s,27461,422,27334,76184,1
0h 6m 1s,27462,352,26324,76197,1
0h 6m 1s,27461,423,27369,76184,1
0h 6m 2s,27462,353,26327,76197,1
0h 6m 2s,27461,424,27369,76184,1
0h 6m 2s,27462,354,26327,76197,1
0h 6m 2s,27462,355,26332,76197,1
0h 6m 2s,27462,356,26333,76197,1
0h 6m 3s,27462,357,26333,76197,1
0h 6m 3s,27462,358,26336,76197,1
0h 6m 4s,27459,358,26657,76192,1
0h 6m 4s,27462,359,26336,76197,1
0h 6m 4s,27462,360,26336,76197,1
0h 6m 4s,27462,361,26336,76197,1
0h 6m 5s,27462,362,26336,76197,1
0h 6m 5s,27462,363,26336,76197,1
0h 6m 5s,27459,359,26659,76192,1
0h 6m 6s,27462,364,26338,76197,1
0h 6m 6s,27462,365,26338,76197,1
0h 6m 6s,27462,366,26338,76197,1
0h 6m 6s,27459,360,26659,76192,1
0h 6m 6s,27459,361,26659,76192,1
0h 6m 7s,27459,362,26659,76192,1
0h 6m 7s,27459,363,26659,76192,1
0h 6m 7s,27462,367,26338,76197,1
0h 6m 7s,27459,364,26661,76192,1
0h 6m 7s,27460,390,26671,76187,1
0h 6m 7s,27462,368,26349,76197,1
0h 6m 7s,27460,391,26673,76187,1
0h 6m 7s,27459,365,26736,76192,1
0h 6m 8s,27462,369,26350,76197,1
0h 6m 8s,27459,366,26736,76192,1
0h 6m 8s,27459,367,26736,76192,1
0h 6m 8s,27460,392,26673,76187,1
0h 6m 8s,27462,370,26352,76197,1
0h 6m 8s,27459,368,26747,76192,1
0h 6m 8s,27460,393,26675,76187,1
0h 6m 9s,27462,371,26352,76197,1
0h 6m 9s,27462,372,26355,76197,1
0h 6m 9s,27459,369,26748,76192,1
0h 6m 9s,27459,370,26748,76192,1
0h 6m 9s,27459,371,26748,76192,1
0h 6m 10s,27459,372,26750,76192,1
0h 6m 25s,27460,394,26675,76187,2
0h 6m 25s,27460,395,26675,76187,2
0h 6m 26s,27460,396,26675,76187,2
0h 6m 26s,27460,397,26675,76187,2
0h 6m 26s,27460,398,26675,76187,2
0h 6m 26s,27460,399,26675,76187,2
0h 6m 27s,27460,400,26675,76187,2
0h 6m 27s,27460,401,26679,76187,2
0h 6m 27s,27460,402,26683,76187,2
0h 6m 27s,27460,403,26721,76187,2
0h 6m 29s,27460,404,26723,76187,2
0h 6m 29s,27460,405,26733,76187,2
0h 6m 29s,27460,406,26733,76187,2
0h 6m 29s,27460,407,26733,76187,2
0h 6m 30s,27460,408,26733,76187,2
0h 6m 30s,27460,409,26734,76187,2
0h 6m 30s,27460,410,26741,76187,2
0h 6m 31s,27460,411,26741,76187,2
0h 6m 32s,27460,412,26756,76187,2
0h 6m 32s,27460,413,26756,76187,2
0h 7m 5s,27461,425,27387,76184,4
0h 7m 5s,27461,426,27413,76184,4
0h 7m 5s,27461,427,27413,76184,4
0h 7m 6s,27461,428,27413,76184,4
0h 7m 6s,27461,429,27413,76184,4
0h 7m 23s,27461,430,27413,76184,5
0h 7m 23s,27461,431,27413,76184,5
0h 7m 23s,27461,432,27413,76184,5
0h 7m 40s,27461,433,27413,76184,6
0h 7m 40s,27461,434,27413,76184,6
0h 7m 40s,27461,435,27424,76184,6
0h 7m 41s,27461,436,27425,76184,6
0h 7m 41s,27459,373,26750,76192,6
0h 7m 41s,27461,437,27425,76184,6
0h 7m 42s,27461,438,27425,76184,6
0h 7m 42s,27459,374,26753,76192,6
0h 7m 42s,27461,439,27580,76184,6
0h 7m 42s,27461,440,27580,76184,6
0h 7m 42s,27461,441,27580,76184,6
0h 7m 43s,27461,442,27581,76184,6
0h 7m 43s,27461,443,27584,76184,6
0h 7m 59s,27459,375,26756,76192,7
0h 7m 59s,27459,376,26763,76192,7
0h 7m 59s,27459,377,26763,76192,7
0h 8m 0s,27459,378,26768,76192,7
0h 8m 0s,27459,379,26768,76192,7
0h 8m 0s,27459,380,26768,76192,7
0h 8m 0s,27459,381,26768,76192,7
0h 8m 1s,27459,382,26768,76192,7
0h 8m 1s,27459,383,26768,76192,7
0h 8m 1s,27459,384,26770,76192,7
0h 8m 2s,27459,385,26770,76192,7
0h 8m 2s,27459,386,26971,76193,7
0h 8m 2s,27459,387,26971,76193,7
0h 8m 2s,27459,388,26971,76193,7
0h 8m 3s,27459,389,26971,76193,7
0h 8m 16s,27468,390,26619,76186,8
0h 8m 16s,27468,391,26620,76186,8
0h 8m 16s,27468,392,26621,76186,8
0h 8m 32s,27468,393,26622,76186,9
0h 8m 33s,27468,394,26622,76186,9
0h 8m 34s,27468,395,26622,76186,9
0h 8m 34s,27468,396,26622,76186,9
0h 8m 35s,27468,397,26622,76186,9
0h 8m 35s,27468,398,26631,76186,9
0h 8m 35s,27468,399,26631,76186,9
0h 8m 35s,27468,400,26635,76186,9
0h 8m 35s,27468,401,26639,76186,9
0h 8m 36s,27468,402,26639,76186,9
0h 8m 36s,27468,403,26677,76186,9
0h 8m 36s,27468,404,26678,76186,9
0h 8m 37s,27468,405,26688,76186,9
0h 8m 37s,27468,406,26688,76186,9
0h 8m 37s,27468,407,26688,76186,9
0h 8m 37s,27468,408,26688,76186,9
0h 8m 38s,27468,409,26689,76186,9
0h 8m 38s,27468,410,26696,76186,9
0h 8m 38s,27468,411,26696,76186,9
0h 8m 39s,27468,412,26712,76186,9
0h 8m 39s,27468,413,26712,76186,9
0h 9m 26s,27459,390,26973,76193,12
0h 9m 26s,27459,391,26975,76193,12
0h 9m 26s,27459,392,26975,76193,12
0h 9m 43s,27459,393,26976,76193,13
0h 9m 43s,27459,394,26976,76193,13
0h 9m 44s,27459,395,26976,76193,13
0h 9m 45s,27459,396,26976,76193,13
0h 9m 45s,27459,397,26976,76193,13
0h 9m 45s,27459,398,26976,76193,13
0h 9m 45s,27459,399,26976,76193,13
0h 9m 45s,27459,400,26976,76193,13
0h 9m 46s,27459,401,26977,76193,13
0h 9m 46s,27459,402,26977,76193,13
0h 9m 46s,27459,403,27020,76193,13
0h 9m 49s,27459,404,27021,76193,13
0h 9m 49s,27459,405,27026,76193,13
0h 9m 50s,27459,406,27026,76193,13
0h 9m 50s,27459,407,27026,76193,13
0h 9m 50s,27459,408,27026,76193,13
0h 9m 50s,27459,409,27026,76193,13
0h 9m 50s,27459,410,27029,76193,13
0h 9m 50s,27459,411,27029,76193,13
0h 9m 50s,27459,412,27029,76193,13
0h 9m 51s,27459,413,27029,76193,13
